id,word,pos,part,section,japanese,sentence,sentence_ja
1,create,verb,1,1,を創り出す；を引き起こす,Technological change will create new ways of living.,技術の変化は新たな生活様式を創り出す。
2,increase,verb,1,1,増加する；を増やす,Japan's real GDP increased by 1.9 percent last year.,日本の実質GDPは昨年1.9パーセント増加した。
3,improve,verb,1,1,を向上させる；よくなる,Light exercise improves thinking ability.,軽い運動は思考力を向上させる。
4,mean,verb,1,1,を意味する；(…する)つもりである(to do),Her silence means that she does not agree with you.,彼女の沈黙は彼女があなたに同意していないことを意味する。
5,own,verb,1,1,を所有している；(事実・罪など)を認める,A millionaire from China owns this hotel.,中国の富豪がこのホテルを所有している。
6,include,verb,1,1,を含む,Jane's work includes typing letters and making appointments.,ジェーンの仕事は手紙をタイプしたり、アポを取ったりすることを含む。
7,consider,verb,1,1,を見なす；について考える,She considers herself to be lucky.,彼女は自分自身を幸運だとみなしている。
8,allow,verb,1,1,を許す；を与える；(～を)考慮に入れる(for),The company allows its employees to take long winter vacations.,その会社は従業員が長い冬期休暇をとるのを許している。
9,suggest,verb,1,1,を提案する；を暗示する,The teacher suggested that he study physics in university.,先生は彼が大学で物理学を学ぶことを提案した。
10,produce,verb,1,1,を生産する；を取り出す,The manufacturer produces home electrical appliances.,その製造業者は家庭用電化製品を生産している。
11,decide,verb,1,1,を決める；に決着をつける,She has decided to memorize ten English words a day.,彼女は1日に10個の英単語を覚えることに決めた。
12,offer,verb,1,1,を提供する，申し出る,Uncle George offered me an opportunity to work for his company.,ジョージおじさんは彼の会社で働く機会を私に提供した。
13,require,verb,1,1,を要求する；を必要とする,The Road Traffic Law requires you to wear a seat belt.,道路交通法はあなたがシートベルトを着用することを要求する。
14,share,verb,1,1,を共有する；を分担する,I share my office space with other people.,私はほかの人々と事務所スペースを共有している。
15,store,verb,1,1,を保存する；を蓄える,You should store backups of data on the Internet regularly.,定期的にインターネット上にデータのバックアップを保存するべきだ。
16,tend,verb,1,1,傾向がある；を世話する,My town tends to get windy.,私の町は風がよく吹く傾向がある。
17,concern,verb,1,1,〔受身形で〕心配している；〔受身形で〕(～に)関係する(with)；に関連する,We are concerned about the negative effect of the new tax law.,私たちは新しい税法のマイナス効果を心配している。
18,describe,verb,1,1,について述べる，を説明する,She described her physical condition to her doctor.,彼女は医師に自分の体調を説明した。
19,involve,verb,1,1,に関与させる；を伴う,"In Japan, more and more men are involved in raising children.",日本では，子育てにかかわる男性が増えている。
20,reduce,verb,1,1,を減らす；を(～に)変える(to),Good eating habits can reduce the risk of heart disease.,よい食習慣は心疾患の危険を軽減し得る。
21,design,verb,1,1,を設計する；を計画する,Airbags are designed to protect average-sized adult males.,エアバッグは平均的な体格の成人男性を保護するように設計されている。
22,force,verb,1,1,に強いる；を強要する,The scandal forced the CEO to resign from his position.,そのスキャンダルはCEO（最高経営責任者）にその地位を辞することを強いた。
23,limit,verb,1,1,を制限［規制］する,"""Tweets"" were originally limited to 140 characters.",「ツイート」はもとは140文字までに限られていた。
24,bear,verb,1,1,に耐える；を負う；を産む；を(心に)抱く,The man could not bear his stomachache.,その男性は胃の痛みに耐えることができなかった。
25,affect,verb,1,1,に影響を及ぼす；を感動させる,Your language can affect your way of thinking.,あなたの使う言語はあなたの考え方に影響を及ぼす可能性がある。
26,deal,verb,1,1,〔deal with で〕を処理する；〔deal in で〕を扱う；を分配する,Our team deals with complaints from our customers.,我がチームは顧客からの苦情を処理する。
27,avoid,verb,1,1,を避ける,She somehow avoided getting involved in the quarrel.,彼女はどうにかその口論に巻き込まれるのを避けた。
28,relate,verb,1,1,を関連づける；(～に)関連する(to),She believes that people's blood types are related to their personalities.,彼女は人の血液型はその人の性格に関連していると信じている。
29,realize,verb,1,1,に気づく；を実現する,She realized that she was put in a difficult position.,彼女は自分が難しい立場に置かれていることに気づいた。
30,encourage,verb,1,1,を奨励する；を励ます,Many companies encourage their employees not to work overtime.,多くの会社は従業員に残業をしないように奨励している。
31,compare,verb,1,1,を比較する；を(～に)たとえる(to),She compared the Japanese economy with the U.S. economy.,彼女は日本経済をアメリカ経済と比較した。
32,measure,verb,1,1,を測る；を(比較して)評価する,She measures her temperature every morning.,彼女は毎朝体温を測る。
33,exist,verb,1,1,存在する；生存する,"Some linguists think that about 8,000 languages exist in the world.","言語学者の中には世界には約8,000の言語が存在すると考える人もいる。"
34,mark,verb,1,1,に印をつける；を(記号で)示す；に汚れをつける,"During the test, the student marked his answers with a pencil.",テスト中に，その生徒は鉛筆で自分の解答に印をつけた。
35,challenge,verb,1,1,に異議を唱える；(人)に挑む,He challenged the common belief that laughter is a unique human feature.,彼は，笑いが人間独自の特徴であるという常識に異議を唱えた。
36,depend,verb,1,1,頼る；～次第である,Children depend on their parents for many things.,子供は多くのことを親に頼っている。
37,object,verb,1,1,反対する；(…)と言って反対する(that節),Her parents objected to her marriage.,彼女の両親は彼女の結婚に反対した。
38,demand,verb,1,1,を要求する,I demanded that she let me go with her.,私は彼女に自分を一緒に連れて行くように要求した。
39,found,verb,1,1,を設立する；(理論など)を(～に基づいて)築く(on),A thinker in the Meiji Era founded this university.,明治時代のある思想家がこの大学を設立した。
40,complete,verb,1,1,を完成させる，仕上げる,She completed all the forms for her college application.,彼女は大学の入学願書の用紙すべてに記入し終えた。
41,idea,noun,1,1,考え，思いつき；理解；見解；概念,He came up with a good idea for the school party.,彼は学校のパーティーに合うちょうどいい考えを思いついた。
42,accord,noun,1,1,一致；合意，協定,The research results were in accord with the expectations of the team.,研究結果はチームの予想と一致していた。
43,company,noun,1,1,会社；(集合的に)仲間；(仲間と)一緒にいること；一座,He started to work for an insurance company three years ago.,彼は3年前に保険会社で働き始めた。
44,interest,noun,1,1,興味；利子；利害,She seems to have a great interest in classical music.,彼女はクラシック音楽に大いに興味があるようだ。
45,research,noun,1,1,(～についての)研究，調査(into / on / in),The team did research on life on Mars.,そのチームは火星上の生命についての調査を行った。
46,cause,noun,1,1,原因；理由；大義,Air pollution is a major cause of health problems.,大気汚染は健康問題の主要な原因である。
47,reason,noun,1,1,理由；(…する)根拠(to do)；理性；分別,He explained the reason for his absence from school today.,彼は今日学校を欠席した理由を説明した。
48,effect,noun,1,1,影響，効果；結果,Abnormal weather can have a negative effect on people's lives.,異常気象は人々の生活に悪影響を与えかねない。
49,influence,noun,1,1,影響(力),Exercising has an important influence on one's health.,運動することは人の健康に重大な影響を与える。
50,situation,noun,1,1,状況；(人の置かれた)立場,The economic situation of the country is gently improving.,その国の経済状況は緩やかによくなってきている。
51,environment,noun,1,1,環境,Recycling is an effective way to help the environment.,リサイクルは自然環境を助ける効果的な方法である。
52,skill,noun,1,1,技能；熟練,She needs to improve her cooking skills to become a chef.,彼女は料理長になるために調理の技能を向上させる必要がある。
53,matter,noun,1,1,事柄；問題；(～s)事態；(the ～)困難；物質,She is good at handling difficult matters.,彼女は難しい事柄に対処するのが得意である。
54,view,noun,1,1,(～についての)見解(on / about)；(～に対する)(特定の見方)(of)；眺め,She often expresses her view on welfare for the elderly.,彼女は高齢者のための福祉に関してよく自分の見解を述べる。
55,value,noun,1,1,価値；価格；評価；(～s)価値観,Many societies place a high value on education these days.,最近，多くの社会は教育に高い価値を置く。
56,species,noun,1,1,(生物の)種；種類,Biologists think there is a need to protect endangered species.,生物学者は絶滅危惧種を保護する必要があると思っている。
57,thought,noun,1,1,考え；思考,Bob gave some thought to applying for the big contest.,ボブはその大きなコンテストに応募することについて一考した。
58,knowledge,noun,1,1,知識；知っていること；認識,Most young adults these days have a good knowledge of computers.,最近の若者の大半はコンピューターに関する豊富な知識を持っている。
59,memory,noun,1,1,記憶(力)；(～の)思い出(of),She has a good memory for people's faces.,彼女は人の顔に関して記憶力がよい。
60,practice,noun,1,1,実践，実行；(社会の)慣習；練習,The manager decided to put his new ideas into practice.,部長は自分の新しい考えを実行することに決めた。
61,benefit,noun,1,1,利益，恩恵；給付金,Both nations will enjoy the benefits of a new free-trade agreement.,両国とも新たな自由貿易協定の利益を享受することになる。
62,theory,noun,1,1,学説；理論；原理；推測,There are many different theories about how cancers occur.,癌がどのように生じるかに関する多くの異なる学説が存在する。
63,issue,noun,1,1,問題(点)；発行(物)；発表,The city council will discuss the issue of the new airport.,市議会は新空港の問題を議論する予定である。
64,experiment,noun,1,1,(～を対象とする)実験(on),The scientist carried out various experiments on plants.,その科学者は植物についてさまざまな実験を行った。
65,article,noun,1,1,記事；条項；品物,Researchers often cite articles from this scientific journal.,研究者たちはしばしばこの科学雑誌から記事を引用する。
66,focus,noun,1,1,焦点；関心の的,Reducing poverty is the main focus of the book.,貧困を減らすことがその本の主な焦点である。
67,subject,noun,1,1,話題；科目；主題；被験者,The author's novels often deal with the subject of space travel.,その著者の小説もしばしば宇宙旅行の話題を扱っている。
68,project,noun,1,1,計画；事業；研究計画,The mayor set up a project to clean up the city.,市長はその市を美化する計画を立てた。
69,quality,noun,1,1,質；特質,The company is trying to improve the quality of its products.,その会社は自社製品の質を向上させようとしている。
70,role,noun,1,1,役割；(俳優などの)役,Laughter plays an important role in strengthening personal relationships.,笑いは人間関係を強化するうえで重要な役割を果たす。
71,term,noun,1,1,(専門)用語；(～s)条件；(～s)間柄；学期,"""Hypertension"" is a medical term for abnormally high blood pressure.",“hypertension（高血圧症）”は異常に高い血圧を表す医学用語である。
72,statement,noun,1,1,声明；主張；明細書,The politician made a short statement to the press.,その政治家は報道機関に対し短い声明を出した。
73,material,noun,1,1,材料，素材；資料；生地,The company makes its products with only natural materials.,その会社は天然素材だけを使って製品を作っている。
74,evidence,noun,1,1,証拠,There is clear evidence that the man did not commit the crime.,その男性は罪を犯していなかったという明白な証拠がある。
75,source,noun,1,1,(～の)源，根源(of)；出所，情報源,Solar power is considered to be a clean source of energy.,太陽光熱はクリーンなエネルギー源であると見なされている。
76,community,noun,1,1,(共同)社会，～界；地域社会；地域住民,The international community is working towards world peace.,国際社会は世界平和に向けて動いている。
77,technology,noun,1,1,科学技術；応用技術,Digital technology has significantly changed people's ways of living.,デジタル技術は人々の生活様式を大いに変えた。
78,culture,noun,1,1,文化；教養；耕作；養殖；培養,Chopsticks are an important part of Asian culture.,箸はアジア文化の重要な一部である。
79,appropriate,adjective,1,1,(～に)適切な(for / to),It is important to wear appropriate clothes for a job interview.,就職の面接に適切な服を着ることが重要だ。
80,likely,adjective,1,1,ありそうな,Some people believe that AI robots are likely to replace most workers.,AIロボットが大半の労働者に取って代わりそうだと思っている人がいる。
81,possible,adjective,1,1,可能な；可能性のある,"Nowadays, it is possible to buy almost anything on the Internet.",最近では，インターネットでほとんど何でも買うことが可能である。
82,individual,adjective,1,1,個々の；個人の,A group is not just a collection of individual talents.,集団は単なる個々の才能の集まりではない。
83,public,adjective,1,1,公の；公衆の；公開の,Our main concern is to improve public facilities in the city.,私たちの主たる関心事は市内の公共施設を改良することである。
84,common,adjective,1,1,共通の；普通の；一般的な,The team worked towards the common goal of winning the match.,チームはその試合に勝つという共通の目標に向かって努力した。
85,certain,adjective,1,1,確信して；確かな；ある；一定の,I am certain that she will get a promotion at work.,彼女は仕事で昇進すると私は確信している。
86,similar,adjective,1,1,似ている，類似した；同様の,His car is similar to mine in design and performance.,彼の車はデザインと性能において私の車と似ている。
87,recent,adjective,1,1,最近の,Research shows that reading habits have declined in recent years.,近年，読書の習慣が衰退してきていることを研究は示している。
88,major,adjective,1,1,主要な；大きい(ほうの)；長調の,Economic growth is a major concern for the Japanese government.,経済成長は日本政府にとって大きな関心事である。
89,patient,adjective,1,1,忍耐強い；勤勉な,You should be more patient with your children.,自分の子供に対してもっと忍耐強くあるべきだ。
90,particular,adjective,1,1,特定の；特別の；(～について)やかましい(about),She cannot eat a particular type of nut.,彼女はある特定の種類のナッツが食べられない。
91,physical,adjective,1,1,身体の；物質的な；物理学の,It is a good habit to get physical exercise every day.,毎日身体の運動をするのはよい習慣だ。
92,various,adjective,1,1,さまざまな；いくつかの,There are various ways to achieve your goals.,あなたの目標を達成するさまざまな方法がある。
93,available,adjective,1,1,手に入る；利用できる；手があいている,Tickets for the concert are available on the Internet.,そのコンサートのチケットはインターネットで手に入る。
94,native,adjective,1,1,出生地の；原産の；生得の,English is a native language for around 400 million people.,英語はおよそ4億人の人たちの母語である。
95,political,adjective,1,1,政治(上)の,The political situation of Britain changed after World War I.,イギリスの政治情勢は第一次世界大戦後に変わった。
96,due,adjective,1,1,予定された；(支払)期日で；しかるべき,The train is due to arrive at Nagoya Station in ten minutes.,列車は10分後に名古屋駅に到着する予定である。
97,blank,adjective,1,1,空白の；無表情な；がらんとした,Write your name in the blank space at the bottom of the paper.,用紙下部の空欄に名前を記入しなさい。
98,ancient,adjective,1,1,古代の；昔からの,The Olympic Games originated in ancient times in Greece.,オリンピックは古代にギリシャで始まった。
99,correct,adjective,1,1,正しい；適切な,You should always look for correct information before starting a report.,報告書を書く前にはいつも正しい情報を探すべきだ。
100,despite,preposition,1,1,～にもかかわらず,They went hiking despite the fact that a storm was coming.,嵐がやってきているという事実にもかかわらず，彼らはハイキングに出かけた。
101,notice,verb,1,2,に気づく,The doctor quickly noticed a change in the patient's condition.,医師は患者の状態の変化にすぐに気づいた。
102,refer,verb,1,2,言及する，関連する；参照する,The article refers to Darwin's theory of evolution.,その記事はダーウィンの進化論に言及している。
103,approach,verb,1,2,に近づく；に取り組む,The car slowed down as it approached the curve.,その車はカーブに近づくと速度を落とした。
104,wonder,verb,1,2,かなと思う；(に)驚く(at),The teacher wondered why John didn't attend today's class.,教師はなぜジョンが今日の授業に出席していないのかなと思った。
105,imagine,verb,1,2,(を)想像する；(を)推測する,Imagine that you won the lottery.,宝くじが当たったと想像しなさい。
106,recognize,verb,1,2,を識別できる；を認める,She immediately recognized the building in the photo.,彼女はすぐに，その写真に写っている建物を識別した。
107,solve,verb,1,2,を解く，解明する；(困難など)を解決する,She can solve any math problem quickly.,彼女はどんな数学の問題もすぐに解くことができる。
108,occur,verb,1,2,起こる；心に浮かぶ；現れる,Forest fires often occur in California.,カリフォルニア州では森林火災がよく起こる。
109,argue,verb,1,2,と主張する；議論する,He argues that the country needs new energy policies.,彼はその国は新しいエネルギー政策を必要としていると主張する。
110,claim,verb,1,2,と主張する；を(自分のものとして)要求する,Some scientists claim that coffee lowers the risk of heart disease.,コーヒーは心疾患のリスクを減らすと主張する科学者がいる。
111,express,verb,1,2,を表す，述べる,The politician expressed his opinions on the leak of state secrets.,その政治家は国家機密の漏洩に関する自分の意見を表明した。
112,draw,verb,1,2,を引き出す；を引く；を描く；近づく,He drew a conclusion from a series of experiments.,彼は一連の実験から1つの結論を出した。
113,waste,verb,1,2,を浪費する，無駄にする,You should not waste too much time on chatting online.,オンラインでチャットをするのにあまりに長い時間を浪費するべきでない。
114,advance,verb,1,2,を進歩させる；を進める；進歩する；進む,All citizens should advance their knowledge of global ecology.,すべての市民は地球生態学の知識を深めるべきだ。
115,spread,verb,1,2,を広げる；広がる,He spread rumors about Mike on social media.,彼はソーシャルメディアでマイクについてのうわさを広めた。
116,prepare,verb,1,2,を準備する；を調理する；(～のために)準備をする(for),He prepared a speech for his friend's wedding reception.,彼は友人の結婚披露宴のためのスピーチを準備した。
117,gain,verb,1,2,を獲得する；(を)増す,She gained a lot of experience in the music business.,彼女は音楽業界で多くの経験を得た。
118,achieve,verb,1,2,を達成する；を成し遂げる,You can achieve your goals by making a good plan.,よい計画を立てることによって，自分の目標を達成することができる。
119,establish,verb,1,2,を確立する；を設立する,"At a party, you can establish friendly relationships with others.",パーティーではほかの人々と友好な関係を確立することができる。
120,supply,verb,1,2,を供給する,This power plant supplies electricity to the whole city.,この発電所は市全体に電気を供給している。
121,suppose,verb,1,2,と思う；と仮定する,I suppose that his writing shows his true love of nature.,私は彼の書くものは彼の自然に対する真の愛を表していると思う。
122,perform,verb,1,2,(を)行う；(を)演じる，(を)演奏する,The two researchers decided to work together to perform an experiment.,2人の研究者は実験を行うために協力することにした。
123,prefer,verb,1,2,のほうを好む,Some people prefer e-books to printed books.,印刷された本より電子書籍のほうを好む人がいる。
124,determine,verb,1,2,を決定する；を正確に知る,It takes time to determine whether something is true or not.,何かが真実かどうかを決定するには時間がかかる。
125,treat,verb,1,2,を扱う；を治療する,Young people should treat their elders with respect.,若者は敬意をもって年上の人を処遇するべきである。
126,prove,verb,1,2,を証明する；判明する，わかる,Scientists have proven that dinosaurs once existed.,科学者はかつて恐竜が存在したことを証明した。
127,apply,verb,1,2,を適用［応用］する；申し込む；(～に)適用される(to / in),The computer company applied a new theory to its product designs.,そのコンピューター会社は自社の商品設計に新しい理論を適用した。
128,mention,verb,1,2,に言及する；と言う,The salesperson mentioned the features of his company's products.,その販売員は自社製品の特徴に言及した。
129,communicate,verb,1,2,(～と)情報交換をする(with)；を伝達する,Social Networking Services allow users to communicate with other users.,ソーシャルネットワークサービス（SNS）は，利用者がほかの利用者と情報交換するのを可能にする。
130,contain,verb,1,2,を含む；を収容する；(感情など)を抑える,"Junk food usually contains a lot of salt, sugar and fat.",ジャンクフードはたいていたくさんの塩分，糖分，脂肪を含む。
131,contact,verb,1,2,と連絡を取る；接触する,"If you need any help, please contact me anytime.",助けが必要なら，いつでも私に連絡してください。
132,regard,verb,1,2,を見なす；を見る；を評価する,"Today, many people regard English language ability as necessary.",今日，多くの人々は英語の能力が必要なものだと見なしている。
133,respect,verb,1,2,を尊敬する；を尊重する,I respect the professor because of his unique viewpoints on literature.,文学に対する独自の観点ゆえに，私は教授を尊敬する。
134,search,verb,1,2,捜す；を捜索する；を詳しく調べる,The police searched for the missing person all night.,警察は一晩中行方不明者を捜した。
135,connect,verb,1,2,をつなぐ；を関連づける,"Nowadays, many people are connecting their TVs to the Internet.",今日では，多くの人がテレビをインターネットにつないでいる。
136,decline,verb,1,2,減少する；衰退する；を断る,The crime rate in the U.S. has declined steadily.,アメリカにおける犯罪率は着実に減少してきている。
137,prevent,verb,1,2,を妨げる；を防ぐ,Strict laws may prevent people from committing violent crimes.,厳しい法律は人々が凶悪犯罪を犯すのを妨げるかもしれない。
138,suffer,verb,1,2,苦しむ；患う；(苦痛など)を経験する,Many countries around the world suffer from natural disasters.,世界中の多くの国々が自然災害に苦しんでいる。
139,survive,verb,1,2,を切り抜けて生き残る；より長生きする；生き延びる,The man survived the traffic accident.,その男性はその交通事故で生き残った。
140,publish,verb,1,2,を出版する；を公表する,She published a novel about a professional gamer.,彼女はプロのゲーマーを描いた小説を出版した。
141,opportunity,noun,1,2,機会,Most Japanese do not have an opportunity to use English every day.,たいていの日本人は毎日英語を使う機会がない。
142,task,noun,1,2,(課せられた)仕事，作業；課題；タスク,She completed the task of making a sales presentation.,彼女は販売企画の説明を行う仕事をやり遂げた。
143,industry,noun,1,2,産業；勤勉,The Japanese auto industry is making big changes in car manufacturing.,日本の自動車産業は自動車製造における大きな変化を起こしつつある。
144,medium,noun,1,2,(情報伝達の)媒体；手段,People nowadays use social media to share information and ideas.,今日，人々は情報や考えを共有するためにソーシャルメディアを使う。
145,economy,noun,1,2,経済(状態)；経済圏；節約,I wonder if higher wages are good for the Japanese economy.,より高い賃金は日本経済にとってよいことだろうか。
146,policy,noun,1,2,政策，方針；(個人の)主義,The government is changing its free-market policy.,政府は自由市場政策を変更しつつある。
147,account,noun,1,2,説明；勘定；口座,The patient's family was given a detailed account of the operation.,患者の家族は手術についての詳しい説明を受けた。
148,trade,noun,1,2,貿易；商売，取引,There was an increase in wine trade between the two countries.,両国間のワイン貿易が拡大した。
149,model,noun,1,2,模範；モデル；模型；型,The famous reporter's work is an ideal model of journalism.,その有名な記者の仕事はジャーナリズムの理想的な模範である。
150,figure,noun,1,2,数字；姿；人物；図表,There is room for improvement in the sales figures of our cars.,当社の車の販売数には改善の余地がある。
151,cell,noun,1,2,細胞；独房；電池,They discovered a virus that destroys cancer cells.,彼らは癌細胞を破壊するウイルスを発見した。
152,image,noun,1,2,印象，イメージ；画像；像,We have a positive image of Olympic athletes.,私たちはオリンピック選手に対して肯定的な印象を抱いている。
153,emotion,noun,1,2,感情，情動；感動,Men and women seem to handle emotions quite differently.,男性と女性はまったく異なったやり方で感情に対処するように思える。
154,stress,noun,1,2,ストレス；圧力；強調,A tight work schedule may cause stress.,ぎっしり詰まった仕事の予定がストレスを引き起こすこともある。
155,decade,noun,1,2,10年間,The country has had fast growth over the last few decades.,その国は過去数十年間にわたって急成長を遂げてきた。
156,range,noun,1,2,範囲；射程距離；(同類の)組,The company made a plan to expand the range of its products.,その会社は製品の範囲を拡大する計画を立てた。
157,character,noun,1,2,性格，個性；特徴；登場人物；文字,Many foreigners think Japanese people have a modest character.,多くの外国人が日本人は謙虚な性格を備えていると思っている。
158,advantage,noun,1,2,利点；優勢；有利,One great advantage of online communities is relationship building among people.,オンラインコミュニティの大きな利点の1つは人々の間に関係を築くことである。
159,phrase,noun,1,2,句；成句；言葉遣い,"A phrase like ""it's similar to"" is useful for explaining words.",「それは～に似ている」のような句は語の説明をするのに役立つ。
160,damage,noun,1,2,損害，損傷；(～s)損害賠償金,The hurricane caused great damage to the city.,ハリケーンはその市に大きな損害を与えた。
161,impact,noun,1,2,影響；(激しい)衝突；衝撃(力),A wasteful use of resources has a negative impact on the environment.,資源の無駄遣いは環境に悪影響を及ぼす。
162,method,noun,1,2,方法；体系；秩序,Some methods of dieting face a lot of criticism.,いくつかのダイエット法は多くの批判に直面している。
163,resource,noun,1,2,(通例～s)資源；(通例～s)資金；才覚,Technology will make the efficient use of natural resources possible.,科学技術は天然資源の効率的な利用を可能にするだろう。
164,region,noun,1,2,地域；領域；部位,Auroras are visible in the polar regions.,オーロラは極地で見られる。
165,medicine,noun,1,2,薬；医学,The doctors tried out a new kind of medicine on the girl to save her life.,医師たちはその少女の命を救うために彼女に新しい種類の薬を試した。
166,detail,noun,1,2,(～s)詳細(な情報)，細部,You should not post too many personal details about yourself on your blog.,ブログにあまりにも多くの自分自身についての詳細な個人情報を載せるべきではない。
167,feature,noun,1,2,特徴；(通例～s)顔つき；特集記事［番組］,The most unique feature of the new building is its curved shape.,その新しい建物の最も珍しい特徴は曲がった形状である。
168,function,noun,1,2,機能；関数,Voice recognition is one of the most useful functions of smartphones.,音声認識はスマートフォンの最も便利な機能の1つである。
169,access,noun,1,2,利用，入手；接近(の機会・方法・権利),People can easily have access to the Internet these days.,最近では人々は簡単にインターネットを利用することができる。
170,item,noun,1,2,品目，項目；(同種の中の)～個；(短い)記事,The secret behind the popularity of the shop is its wide choice of items.,その店の人気の秘密は幅広い品ぞろえである。
171,income,noun,1,2,収入；所得,The average annual household income has declined over the past decade.,平均的な世帯年収は過去10年で減少した。
172,attitude,noun,1,2,態度；考え方，心構え,Her positive attitude toward the job led to her success.,彼女の仕事に対する積極的な態度は彼女の成功につながった。
173,site,noun,1,2,用地，場所；跡地；(ウェブ)サイト,The mayor visited the site of the upcoming new airport.,市長はまもなく開港する新空港の用地を視察した。
174,aspect,noun,1,2,(物事の)側面；観点；様相,Some aspects of language learning become more difficult with age.,言語学習のいくつかの側面は年齢とともにより難しくなる。
175,structure,noun,1,2,構造；体系；構造物,The social structure of the country has changed over the years.,その国の社会構造は長年にわたって変化してきた。
176,habit,noun,1,2,習慣，癖,He has the habit of checking e-mail messages at meal times.,彼は食事時にEメールのメッセージをチェックする習慣がある。
177,link,noun,1,2,関連，つながり；(2地点を結ぶ)交通手段；リンク,There is a strong link between unusual weather and global warming.,異常気象と地球温暖化との間には強い関連がある。
178,instance,noun,1,2,(具体的な)例，実例；(特定の)場合,"When we read, for instance, we make quick eye movements.",たとえば本を読むとき，私たちは目を素早く動かす。
179,positive,adjective,1,2,肯定的な；積極的な；確信して；(検査結果が)陽性の,"The English word ""cool"" has a positive meaning.",英語の“cool”は肯定的な意味を持つ。
180,negative,adjective,1,2,否定的な；消極的な；(検査結果が)陰性の,Loud noises may have a negative effect on studying.,大きな騒音は勉強に悪影響を与えるかもしれない。
181,complex,adjective,1,2,複雑な；複合(体)の,There are many complex theories in physics.,物理学には多くの複雑な理論がある。
182,current,adjective,1,2,現在の；現代の；通用している,The current trend in cars is toward automated driving.,自動車における現在の傾向は自動運転に向かっている。
183,mental,adjective,1,2,精神の；知能の；頭の中で行う,Taking in less sugar may benefit your mental health.,糖分の摂取を減らすことはあなたの精神衛生のためになるかもしれない。
184,specific,adjective,1,2,特定の；明確な，具体的な；(～に)特有の(to),The teacher talked about a specific topic.,先生は特定の話題について話した。
185,significant,adjective,1,2,重要な，重大な；意義深い,There are significant differences between having knowledge and using it.,知識があることとそれを使うこととの間には重大な違いがある。
186,essential,adjective,1,2,(～に)必要不可欠な(to / for)；本質的な,Friends are essential for our lives.,友人は私たちの人生に不可欠である。
187,official,adjective,1,2,公用の；公式の；役所の,Hebrew is the official language of Israel.,ヘブライ語はイスラエルの公用語である。
188,financial,adjective,1,2,財政(上)の；財界の,The company received financial support from a bank.,その会社は銀行から財政支援を受けた。
189,academic,adjective,1,2,学問の；大学の,Academic achievement is traditionally measured through examination.,学業成績は伝統的に試験によって評価される。
190,aware,adjective,1,2,気づいて，知って,We are aware of the importance of learning a second language.,私たちは第二言語を学ぶことの重要性に気づいている。
191,worth,adjective,1,2,(…する)に値する(doing)；の価値がある,"Organic food is said to be healthy, so it is worth buying.",自然食品は健康によいと言われていて，だから買うに値する。
192,potential,adjective,1,2,潜在的な；可能性を秘めた,It is important in business to look for potential customers.,潜在的な顧客を探すことがビジネスにおいて重要だ。
193,active,adjective,1,2,積極的な；活動的な；効力のある,Men should play an active role in raising children.,男性は子育てにおいて積極的な役割を果たすべきである。
194,digital,adjective,1,2,デジタル方式の；デジタル［数字］表示の,We are now experiencing rapid growth in digital technology.,私たちは今デジタル技術の急成長を経験している。
195,mobile,adjective,1,2,可動［移動］式の；流動性のある,Gaming on mobile devices is becoming more popular than ever before.,移動式機器でゲームをすることはこれまで以上に人気が高まってきている。
196,novel,adjective,1,2,斬新な，目新しい,He developed a novel theory concerning the human mind.,彼は人間の精神に関する斬新な理論を展開した。
197,plastic,adjective,1,2,柔軟な；プラスチックの，ビニールの,"The human brain is very plastic, so even adults can learn and adapt.",人間の脳はとても柔軟なので，大人でさえ学習して順応することができる。
198,chemical,adjective,1,2,化学の，化学的な,Soda water is created by a chemical reaction.,炭酸水は化学反応によって作られる。
199,necessary,adjective,1,2,必要な,It is necessary to review English words regularly to remember them.,英単語を覚えるためには定期的に復習することが必要である。
200,eventually,adverb,1,2,結局(は),She eventually earned a Ph.D. in mathematics from Yale University.,彼女は結局エール大学から数学の博士号を取得した。
201,identify,verb,1,3,を特定する；を（～と）同一視する（with）,The police officer identified the man as a criminal.,警官はその男性を犯人と特定した。
202,represent,verb,1,3,を表す；を代表する；に相当する,His music represents a new form of rock music.,彼の音楽はロックミュージックの新しい形式を表している。
203,indicate,verb,1,3,を指し示す；を述べる,The cave paintings indicate that early humans had the idea of time.,その洞窟絵画は原始人が時間の概念を持っていたことを示している。
204,manage,verb,1,3,をなんとか成し遂げる；を管理する,The student managed to finish his report before the deadline.,その学生は締め切り前になんとかレポートを仕上げることができた。
205,attend,verb,1,3,に出席する；（を）世話する；（～に）対処［対応］する（to）,I would like to attend the party because I might meet someone famous.,有名人に会えるかもしれないので，私はそのパーティーに出席したい。
206,maintain,verb,1,3,を維持する；と主張する；を養う,"Today, Kyoto still maintains a lot of its ancient culture.",今日，京都はなお昔の文化を多く維持している。
207,survey,verb,1,3,を調査する；をじろじろ見る；を概観する,One study surveyed 100 cancer patients who tried the new drug.,ある研究は新薬を試した100人の癌患者を調査した。
208,replace,verb,1,3,に取って代わる；を取り替える,Machines have replaced human workers in many factories.,多くの工場で機械が人間の労働者に取って代わった。
209,sort,verb,1,3,を（～に）分類する（into）；を（～から）えり分ける（from）,People are required to sort household waste into different types.,人々は家庭ごみを種別に分類することが求められる。
210,conduct,verb,1,3,（調査・実験など）を実施する；を導く,The doctor conducted a quick test to measure my blood-sugar level.,医師は私の血糖値を測るために簡単な検査を行った。
211,associate,verb,1,3,を結び付けて考える；（～と）交際する（with）,Most people associate a lack of sleep with common health problems.,たいていの人は睡眠不足をよくある健康問題と結び付けて考える。
212,attempt,verb,1,3,を試みる，企てる,The little girl attempted to convince her parents to buy her a toy.,その小さな女の子は自分におもちゃを買ってくれるように両親を説得しようと試みた。
213,promote,verb,1,3,を促進する；（通例受身形で）昇進する,Lively discussions may help promote better understanding among people.,活発な議論は人々の間のさらなる理解を促進する助けとなるかもしれない。
214,earn,verb,1,3,を稼ぐ；を得る；をもたらす,She earns enough money to pay for her costs of living.,彼女は生活費をまかなうのに十分なお金を稼ぐ。
215,unite,verb,1,3,を団結させる；（を）結合する；団結する,He united the whole country through his powerful and thoughtful speeches.,彼はその力強く思慮深い演説で全国民を団結させた。
216,feed,verb,1,3,に食べ物［乳］を与える；に（～を）供給［補給］する（with）；餌を食べる,The mother feeds her baby every time he cries.,その母親は，赤ん坊が泣くたびにその子にお乳を与える。
217,seek,verb,1,3,を追い求める；（助けなど）を要請する,More and more people are seeking better ways to maintain a work-life balance.,ますます多くの人が仕事と生活のバランスを保つよりよい方法を追い求めている。
218,observe,verb,1,3,に気づく；を観察する；を遵守する,I observed that the plant leaves began to turn brown.,私は植物の葉が茶色に変化し始めたことに気づいた。
219,reveal,verb,1,3,を明らかにする；を見せる,Some websites may reveal their users' personal information by mistake.,一部のウェブサイトは誤って利用者の個人情報をもらすことがある。
220,estimate,verb,1,3,と推定する；を見積もる；を評価する,We estimated our arrival to be 20 minutes late.,私たちは到着が20分遅れると推定した。
221,reflect,verb,1,3,を反映する；（を）反射する；（を）熟考する,Freud believed that dreams reflected our deepest desires.,フロイトは夢は心の奥底にある願望を反映すると信じていた。
222,attract,verb,1,3,を引きつける,The teacher attracted her students' attention by clapping her hands.,その教師は手をたたいて生徒たちの気を引きつけた。
223,decrease,verb,1,3,減少する（⇔ increase ⇒ 2）；を減らす,My salary has gradually decreased over the last few years.,私の給料はここ数年でだんだん減少してきている。
224,ignore,verb,1,3,を無視する,The sailors ignored the warning about the dangerous currents in the sea.,船員たちは危険な潮流の警告を無視した。
225,match,verb,1,3,（と）合う；に匹敵する；一致する,Modern building designs often match the natural surroundings.,現代の建物のデザインは周りの自然環境に合っていることが多い。
226,define,verb,1,3,を定義する；を明確にする,The dictionary defines happiness as the basic feeling of joy or satisfaction.,その辞書は幸福を喜びまたは満足の基本的な感情と定義している。
227,adapt,verb,1,3,適応する；を（～に）適合させる（to）,She can adapt to various situations thanks to her positive attitude.,彼女はその前向きな態度のおかげで，さまざまな状況に適応することができる。
228,contribute,verb,1,3,貢献する，一因となる；（を）寄付する；（を）寄稿する,Carbon dioxide contributes to global climate change.,二酸化炭素は地球の気候変動の一因となる。
229,exchange,verb,1,3,（を）交換する；両替する,"Nowadays, we can exchange information easily over the Internet.",今日，私たちはインターネットを通じて簡単に情報を交換することができる。
230,display,verb,1,3,を示す；を発揮する；を展示［陳列］する,She sometimes displayed strong emotions while talking about her past.,彼女は自分の過去について話していたとき，ときどき強い感情を示した。
231,respond,verb,1,3,反応する；答える,Babies quickly respond to any sound similar to their mother's heartbeat.,赤ん坊は母親の心臓の鼓動に似たどんな音にもすぐに反応する。
232,hide,verb,1,3,を隠す（≒ conceal ⇒ 1116）；隠れる,He hides his true feelings behind his smiles.,彼はほほえみの裏に自分の本当の感情を隠す。
233,doubt,verb,1,3,ではないと思う；を疑う,I doubt that she will come on time.,私は彼女は時間どおりに来ないと思う。
234,remove,verb,1,3,を取り除く；を解雇する,Some plants can remove salt from seawater to produce freshwater.,海水から塩分を取り除き真水を作ることができる工場もある。
235,wind,verb,1,3,（ねじなど）を巻く；（道などが）曲がりくねる；巻きつく,I learned from my father how to wind this mechanical watch.,私はこの機械式腕時計のねじを巻く方法を父から学んだ。
236,assume,verb,1,3,を当然のことと思う，と仮定する；（権力など）を手に入れる；（責任など）を引き受ける,We tend to assume that Japanese trains always run on schedule.,私たちは日本の列車がいつも時刻どおりに運行することを当然と思う傾向がある。
237,relax,verb,1,3,くつろぐ；緩む；をくつろがせる；を緩める,Please relax and make yourself at home.,どうぞくつろいで楽になさってください。
238,satisfy,verb,1,3,を満足させる；（条件など）を満たす,The hotel's high level of service always satisfies its guests.,そのホテルの高い水準のサービスはいつも客たちを満足させる。
239,desire,verb,1,3,を強く望む,People who love shopping often desire to buy the latest goods.,買い物が大好きな人々はたいてい最新の商品を買いたいと強く望む。
240,succeed,verb,1,3,（～に）成功する（in）；（～を）継承する（to）,The scientist finally succeeded in developing the new robot.,その科学者はついに新しいロボットを開発するのに成功した。
241,concept,noun,1,3,概念；考え；（商品・販売の）コンセプト,Einstein's theory of relativity has changed our understanding of the concept of time.,アインシュタインの相対性理論は時間の概念に関する我々の理解を変えた。
242,fashion,noun,1,3,流行，ファッション；方法，流儀,People often follow the latest fashion in order to look more attractive.,人々はもっと魅力的に見えるように最新の流行を追うことが多い。
243,device,noun,1,3,装置，機器；方策；デバイス,This electronic device can handle many tasks such as storing data.,この電子機器はデータの保存など多くのタスクを処理することができる。
244,charge,noun,1,3,料金；世話；管理；告発,An extra charge was added when I called for the taxi in advance.,私が前もってタクシーを呼んだとき特別料金が追加された。
245,contrast,noun,1,3,（～との）対照（with / to）,"In contrast to the other leader, he spoke directly to the people.",もう1人の指導者とは対照的に，彼は国民に直接話しかけた。
246,colleague,noun,1,3,（職場の）同僚,I discussed the matter with some of my colleagues at work.,私はその問題について職場の同僚の何人かと話し合った。
247,pain,noun,1,3,苦痛，痛み；苦悩；（～s）骨折り,I have terrible pain in my upper right arm.,私は右上腕にひどい痛みがある。
248,bill,noun,1,3,請求書；【英】勘定書（≒ 【米】check）；法案,My wife has a part-time job to help pay some bills.,私の妻は請求書の一部を支払う助けとなるようにパートの仕事をしている。
249,content,noun,1,3,内容，中身；コンテンツ,You may remember the content of your dreams as soon as you wake up.,目覚めた直後に夢の内容を思い出すことがある。
250,section,noun,1,3,部門；部分；地区；欄,I have just recently started in the accounting section.,私はつい最近，経理部で働き始めたばかりです。
251,audience,noun,1,3,（集合的に）聴衆，観客；視聴者,The audience at the theater was deeply moved by the actors' performance.,劇場の観客は俳優たちの演技に深く感動した。
252,surface,noun,1,3,表面；（the ～）外見,About two thirds of the earth's surface is covered with water.,地球の表面のおよそ3分の2は水でおおわれている。
253,crop,noun,1,3,（しばしば～s）作物；収穫高,Too much rain can be bad for farmers and their crops.,雨が多すぎるのは農家の人たちとその作物にとって悪いかもしれない。
254,topic,noun,1,3,話題，トピック；主題,One of the suitable topics for small talk is health.,雑談に適した話題の1つは健康である。
255,technique,noun,1,3,技術；技巧；手法,She developed a new technique for making smartphones easier to use.,彼女はスマートフォンの使い勝手をよくするための新技術を開発した。
256,status,noun,1,3,地位；状態,Women's status in the Japanese workplace has improved slowly over the decades.,日本の職場における女性の地位はこの数十年間で緩やかに向上した。
257,option,noun,1,3,選択（の自由）；選択肢,She had the option of continuing her career after she got married.,彼女には結婚後に仕事を続けるという選択があった。
258,reward,noun,1,3,報酬；報い,Many people regard wealth as the reward for hard work.,多くの人が富を勤勉に対する報酬と見なす。
259,race,noun,1,3,人種；民族；競争,The mixing of races may be necessary for allowing Japanese society to function.,人種の混合は日本社会を機能させるために必要かもしれない。
260,crime,noun,1,3,罪，犯罪；違法行為,Many societies try their best to prevent children from being victims of crime.,多くの社会は，子供が犯罪の犠牲者になるのを防ごうと最善を尽くしている。
261,conflict,noun,1,3,争い；論争；不一致,"Historically speaking, conflicts over resources often led to war.",歴史的に見ると，資源をめぐる争いがしばしば戦争へと発展した。
262,struggle,noun,1,3,闘い；懸命の努力,Women's struggle for equal rights is still an important issue today.,女性たちの平等の権利を求める闘いは今日でも重要な問題である。
263,context,noun,1,3,状況，背景；文脈,The use of proper manners is effective in various business contexts.,適切な作法を用いることは，さまざまなビジネスの状況において効果的である。
264,debate,noun,1,3,討論，論争；討論会,"In the meeting, there was a heated debate over the issue of gun control.",会議では，銃規制の問題に関する白熱した討論が行われた。
265,fuel,noun,1,3,燃料；勢いを増加させるもの,The burning of fossil fuels is partly responsible for global warming.,化石燃料を燃やすことは地球温暖化の一因である。
266,pollution,noun,1,3,汚染，公害,Tokyo somehow survived serious air pollution in the 1960s.,東京は1960年代の深刻な大気汚染をなんとか乗り越えた。
267,trend,noun,1,3,（～への）傾向（toward）；流行,The current trend is toward getting elderly people to give up driving.,最近の傾向は高齢者に車の運転をやめさせる方向にある。
268,balance,noun,1,3,均衡，バランス；（体の）平衡；残高,It is difficult to reach a balance between individual freedom and national security.,個人の自由と国家の安全との均衡に達するのは困難である。
269,traffic,noun,1,3,交通；通行；交通［輸送］量；（不正）取引,There is heavy traffic on the road to the airport.,空港に向かう道路は交通が激しい。
270,strategy,noun,1,3,戦略,The government created a long-term strategy for dealing with the economy.,政府は経済に対処するための長期的戦略を創り出した。
271,basis,noun,1,3,基礎；根拠；基準,The recent news story became the basis for the director's new movie.,最近のニュース記事がその監督の新しい映画の基礎となった。
272,consequence,noun,1,3,（通例～s）結果；重大性,The man often gets worried about the consequences of his actions.,その男性は自分の行動の結果についてよく心配している。
273,aim,noun,1,3,目的，目標；狙い,The aim of the meeting is to make a budget for next year.,その会合の目的は翌年の予算を立てることである。
274,ancestor,noun,1,3,祖先（⇔ descendant 子孫）；原型,Common ancestors of humans and chimpanzees lived millions of years ago.,ヒトとチンパンジーの共通の祖先は何百万年も前に生きていた。
275,gene,noun,1,3,遺伝子,Living things receive their genes from their parents.,生物は親から遺伝子を受け継ぐ。
276,track,noun,1,3,跡；軌道；【米】（鉄道の）番線；走路,The website is now keeping track of its number of visitors.,そのウェブサイトは現在，訪問者数の経過を追っている。
277,revolution,noun,1,3,革命；回転；（天体の）公転（⇔ rotation 自転）,The digital revolution may well change people's way of reading books.,デジタル革命はおそらく人々の読書法を変えるだろう。
278,progress,noun,1,3,進歩；前進,Medicine has made significant progress in treating serious diseases.,医学は重病の治療において重要な進歩を遂げてきている。
279,cognitive,adjective,1,3,認知の,The cognitive function of the brain involves mental activities such as memory and thinking.,脳の認知機能は記憶や思考などの精神活動を含む。
280,ideal,adjective,1,3,理想的な；観念的な,The beachside is an ideal place for a daily walk.,浜辺は毎日の散歩にとって理想的な場所である。
281,efficient,adjective,1,3,効率的な；有能な,It is important to know the most efficient ways of studying.,最も効率的な学習法を知ることは重要である。
282,universal,adjective,1,3,普遍的な；宇宙の；万能の,Stories about heroes and heroines have universal appeal among children.,ヒーローやヒロインが登場する物語は，子供たちの間で普遍的な魅力を備えている。
283,vast,adjective,1,3,莫大な；広大な,He has a vast knowledge of the animal kingdom.,彼は動物界に関する莫大な知識を持っている。
284,extra,adjective,1,3,追加の，余分の；別勘定の,The company asked the staff to work extra hours on Saturday.,その会社は社員に土曜日に時間外労働をすることを依頼した。
285,entire,adjective,1,3,全体の，全部の（≒ whole）；完全な,He devoted his entire life to helping people in need.,彼は困っている人々を助けるために全人生をささげた。
286,familiar,adjective,1,3,精通している；よく知られている,Taxi drivers are generally familiar with local roads.,タクシーの運転手はたいてい地元の道路に精通している。
287,obvious,adjective,1,3,明らかな（≒ clear）,It was obvious that the woman was innocent of the crime.,その女性がその犯罪については無実であることは明らかだった。
288,moral,adjective,1,3,道徳（上）の，倫理的な；道徳的な,The man refused to join the fight for moral reasons.,その男性は道徳上の理由からその争いに加わるのを断った。
289,ordinary,adjective,1,3,一般の，普通の；並の,New technologies might change the lives of ordinary people into something quite different.,新しい技術は一般の人々の生活をまったく違ったものに変えるかもしれない。
290,equal,adjective,1,3,（～に）等しい（to）；匹敵する；平等な,$1 is almost equal to 100 yen.,1ドルはほぼ100円に等しい。
291,previous,adjective,1,3,以前の，前の,His new computer software is far better than any previous version.,彼の新しいコンピューターソフトは以前のどのバージョンよりもはるかにすぐれている。
292,false,adjective,1,3,間違った；虚偽の；偽の,Government officials are not allowed to issue false information.,国家公務員は誤った情報を発表することは許されない。
293,rare,adjective,1,3,まれな，珍しい；希少な,The medicine may sometimes make people sleepy in rare cases.,その薬はまれな事例では人を眠たくさせることがあるかもしれない。
294,legal,adjective,1,3,法律の；合法の（⇔ illegal 違法の）,Most legal systems are based on a belief in human rights.,たいていの法律制度は人権に対する信念に基づく。
295,independent,adjective,1,3,（～から）独立した（of / from）,Children should be independent of their parents after a certain age.,子供はある年齢以降は親から独立しているべきである。
296,extreme,adjective,1,3,極端な；極度の，過激な,Extreme inequality prevents many people from fulfilling their potential.,極端な不平等は多くの人々がその潜在能力を発揮するのを妨げる。
297,actual,adjective,1,3,実際の，現実の,Students can learn scientific theories through actual experiences.,学生は実際の経験を通して科学的理論を学ぶことができる。
298,willing,adjective,1,3,いとわない，かまわないと思う,My friend was willing to help me move into a new apartment.,私の友人は私が新しいアパートに引っ越すのを手伝うことをいとわなかった。
299,urban,adjective,1,3,都市の；都会的な（⇔ rural ⇒ 387）,Nearly half of the world's population lives in urban areas.,世界の人口の半分近くは都市圏に住んでいる。
300,whereas,conjunction,1,3,～するのに（対し），～する一方,"He prefers British English, whereas she prefers American English.",彼がイギリス英語を好むのに対し，彼女はアメリカ英語を好む。
301,predict,verb,1,4,を予言［予測］する,The professor predicted that the economy would recover.,教授は経済が回復するであろうと予測した。
302,examine,verb,1,4,を調べる；を診察する；を尋問する,The doctor examined the patient's stomach with a medical device.,医師は医療機器を使って患者の胃を調べた。
303,trust,verb,1,4,を信頼する；を（信頼して）託す,I have decided to ignore any advice from others and trust my judgment.,私は他人からのどんな忠告も無視して自分の判断を信頼することに決めた。
304,stick,verb,1,4,を動けなくする；を突き刺す；（～に）くっつく（to / on）,We were stuck in a heavy traffic jam last night.,私たちは昨夜ひどい交通渋滞にはまって動けなかった。
305,emerge,verb,1,4,現れる；明らかになる；台頭する,His musical talent emerged early in his life.,彼の音楽的才能はその人生の初期に現れた。
306,vary,verb,1,4,さまざまである；変わる；を変える,Communication styles vary from culture to culture.,コミュニケーションの方法は文化によりさまざまである。
307,release,verb,1,4,を放出する；を解放する；を発表する,"When listening to music, chemicals are released into the brain.",音楽を聞いているとき，化学物質が脳内に放出される。
308,divide,verb,1,4,を分ける；分かれる,The researchers divided their subjects into two groups.,研究者は被験者を2つのグループに分けた。
309,enable,verb,1,4,（人）が...できるようにする；を可能にする,Her excellent writing skills enabled her to get a good job.,彼女の卓越した文章能力は彼女がよい仕事を得るのを可能にした。
310,judge,verb,1,4,（を）判断する；に判決を下す,We should not judge people by their appearance.,私たちは人を外見で判断するべきではない。
311,rely,verb,1,4,頼る（≒ depend ⇒ 36）,The country relied on military support from overseas.,その国は外国からの軍事支援に頼っていた。
312,engage,verb,1,4,を従事させる；を（～として）雇う（as）；（～に）従事する（in / with）,He is engaged in teaching the history of Rome at a college.,彼は大学でローマの歴史を教えることに従事している。
313,shift,verb,1,4,を変える，移す；変わる；移動する,The company shifted its manufacturing base to India.,その会社は製造拠点をインドに移した。
314,adopt,verb,1,4,を採用する；（態度など）をとる；を養子にする,The airline adopted a new cost-saving measure.,その航空会社は新しい経費削減策を採用した。
315,acquire,verb,1,4,を得る；を習得する,"Acquiring knowledge is one thing, but applying it is another.",知識を得ることとそれを応用することは別物である。
316,expand,verb,1,4,（を）拡大する；（を）詳説する,"To improve your reading speed, you need to expand your vocabulary.",読書のスピードを上げるには，語彙を増やす必要がある。
317,refuse,verb,1,4,を拒む；を断る；拒絶する,The journalist refused to answer the questions about the source of the information.,そのジャーナリストは情報の出所についての質問に答えるのを拒んだ。
318,strike,verb,1,4,の心を打つ；を襲う；を打つ；（に）ぶつかる,Visitors to Florence are struck by its wonderful architecture and artwork.,フィレンツェを訪れる者はそのすばらしい建築と美術作品に心を打たれる。
319,repeat,verb,1,4,（を）繰り返す；を復唱する,Humans tend to repeat their mistakes without much thought.,人間はあまり考えもせずに同じ間違いを繰り返す傾向がある。
320,consume,verb,1,4,を消費する；を食べる，飲む,Eco-friendly cars consume less fuel than traditional gas-based cars.,エコカーは従来のガソリン車に比べてより少ない燃料を消費する。
321,confuse,verb,1,4,を混同する；を当惑させる,People sometimes confuse influenza with the common cold.,人はときにインフルエンザを普通の風邪と混同する。
322,select,verb,1,4,を選ぶ，えり抜く,"To select your seat, some airlines require an additional fee.",自分の座席を選ぶのに，追加料金を要求する航空会社もある。
323,evolve,verb,1,4,（徐々に）発展する；進化する,Early Indo-European languages evolved into ones such as Greek.,初期のインド・ヨーロッパ語族はギリシャ語のような言語へと発展した。
324,convince,verb,1,4,を納得［確信］させる,The doctor convinced me that exercising would improve my health.,医師は運動することが私の健康状態を改善すると私に確信させた。
325,recall,verb,1,4,を思い出す；を呼び戻す,"Much as I tried, I could not recall her physical appearance.",何度もやってはみたが，私は彼女の容姿を思い出すことができなかった。
326,destroy,verb,1,4,を破壊する；（人）を破滅させる,"If we destroy the rainforests, they may never recover.",もし熱帯雨林を破壊するなら，それは二度と回復しないかもしれない。
327,preserve,verb,1,4,を保存する；を保持する；を保護する,Some kinds of food can be preserved for years by canning.,ある種の食品は缶詰めにすることによって何年も保存することができる。
328,organize,verb,1,4,を準備する；を組織する,They organized the summer festival effectively.,彼らは効果的に夏祭りを準備した。
329,warn,verb,1,4,（人）に（～を）警告［注意］する（of / against）,She warned her little brother not to touch her PC.,彼女は自分のパソコンに触らないように弟に注意した。
330,address,verb,1,4,（問題など）に対処する；に演説する；（手紙など）を（～宛てに）出す（to）,Many politicians have tried to address the problem of street crime.,多くの政治家が路上犯罪の問題に対処しようとしてきた。
331,operate,verb,1,4,を操作する；機能する；手術する,The technician received training in order to operate the new machinery.,その技術者は新しい機械を操作するために訓練を受けた。
332,participate,verb,1,4,参加する,Robots with AI might one day be able to participate in childcare.,AIロボットはいつの日か育児に参加することができるようになるかもしれない。
333,surround,verb,1,4,を取り巻く；にまつわる,Dubai imports sand even though it is surrounded by desert.,ドバイは砂漠に囲まれているのに砂を輸入する。
334,flow,verb,1,4,流れる；（～から）生じる（from）,The Thames flows through London and the Seine through Paris.,テムズ川はロンドン市内を貫いて流れ，セーヌ川はパリ市内を流れる。
335,bore,verb,1,4,（人）を退屈させる，うんざりさせる,"The film bored me, so I left the theater early.",その映画は私を退屈させたので，私は早めに映画館を出た。
336,complain,verb,1,4,（と）不平［苦情］を言う；訴える,People often complain about the government's reaction to natural disasters.,人々はよく自然災害に対する政府の反応について不平を言う。
337,host,verb,1,4,を主催する；のホスト役を務める,Mr. and Mrs. Smith hosted a garden party yesterday.,スミス夫妻は昨日園遊会を主催した。
338,combine,verb,1,4,を（～と）結び付ける（with）；（～と）結び付く（with）,The book combines facts with fictions.,その本は事実をフィクションと結び付けている。
339,extend,verb,1,4,を伸［延］ばす；伸びる；及ぶ,Stores often extend their business hours for the convenience of customers.,商店はよく客の利便性のために営業時間を延ばす。
340,appreciate,verb,1,4,を正当に評価する；を鑑賞する；を感謝する,He does not think that everyone appreciates his talent.,彼はだれもが彼の才能を正当に評価しているとは思っていない。
341,target,noun,1,4,（到達・攻撃）目標；的,"I have set myself a target of walking 10,000 steps a day.",私は1日に1万歩歩くという目標を自分に課した。
342,element,noun,1,4,要素，成分；元素；（an ～ ofで）少しの,Correct grammar is an important element in essay writing.,正しい文法は小論文作成の重要な要素である。
343,principle,noun,1,4,原則，原理；主義，信条,The principle of first-come-first-served is simple and fair.,先着順の原則は単純かつ公正である。
344,phenomenon,noun,1,4,現象,The sharp rise of Japanese anime's popularity is a global phenomenon.,日本アニメの人気急上昇は世界的な現象である。
345,atmosphere,noun,1,4,（the ～）大気；雰囲気,Gasses like carbon dioxide increase the temperature in the atmosphere.,二酸化炭素のような気体は大気の温度を上昇させる。
346,origin,noun,1,4,起源；源,There are several theories about the origins of language.,言語の起源についてはいくつかの説がある。
347,personality,noun,1,4,個性，性格,"According to a philosopher, one's house reflects one's personality.",ある学者によると，人の家はその人の個性を反映するとのことである。
348,capacity,noun,1,4,（最大）容量，収容能力；（潜在）能力,You can improve your memory capacity by using a foreign language.,外国語を使うことで人は記憶容量を高めることができる。
349,profit,noun,1,4,利益；収益（率）；得,Profits from successful businesses can greatly improve the economy.,成功した企業からの利益は経済を大きく向上させる。
350,circumstance,noun,1,4,（通例～s）状況，事情；境遇,Under no circumstances should you give anyone your credit card's PIN.,どんな状況下でも自分のクレジットカードの暗証番号をだれにも教えてはいけない。
351,manner,noun,1,4,（～s）作法；方法；物腰,Giving a smile is good manners when we meet someone.,人に会ったときにほほえむことはよい作法である。
352,threat,noun,1,4,脅威；（悪い）兆し；脅迫,Air pollution is a serious threat to children's health.,大気汚染は子供の健康にとって深刻な脅威である。
353,resident,noun,1,4,居住者；滞在者,The residents of the apartment often complain about noise in the building.,そのアパートの居住者たちは建物内の騒音についてよく不満を言う。
354,wealth,noun,1,4,富；資源；富裕,Some say happiness lies in wealth.,幸福は富にあると言う人もいる。
355,institution,noun,1,4,機関；協会；施設；制度,Many academic institutions issue their own journals monthly.,多くの学術機関が毎月独自の機関誌を刊行している。
356,authority,noun,1,4,（通例the ～ties）（関係）当局；権威；権限,"In some nations, the government authorities limit the freedom of speech.",国によっては，政府当局が言論の自由を制限する。
357,vote,verb,1,4,投票；投票結果；（the ～）選挙権,The politician received over 50 percent of all votes in the election.,その政治家はその選挙での投票総数の50パーセント以上を獲得した。
358,sight,noun,1,4,光景；（the ～s）名所；見（え）ること；視野；視力,You will be struck by the natural sights on the island.,あなたはその島の自然の光景に心を打たれるだろう。
359,campaign,noun,1,4,運動；軍事行動,The campaign to push recycling has started to spread throughout the country.,リサイクルを推進する運動は国中で広がり始めた。
360,fund,noun,1,4,（しばしば～s）基金，資金,The Internet was used to raise huge funds for the development of spacecraft.,宇宙船の開発のための巨額の資金を集めるためにインターネットが使われた。
361,web,noun,1,4,（the W-）ウェブ；（クモの）巣,I read many good comments about the restaurant on the Web.,私はウェブ上でそのレストランに関するたくさんのいいコメントを読んだ。
362,symbol,noun,1,4,象徴，シンボル；記号；標章,People believe that the four-leaf clover is a symbol of good luck.,人々は四つ葉のクローバーが幸運の象徴であると信じている。
363,analysis,noun,1,4,分析（結果）（⇔ synthesis ⇒ 1868）,A detailed analysis of the DNA shows that the men are brothers.,DNAの詳細な分析結果はその男性たちが兄弟であることを示している。
364,version,noun,1,4,（本・製品などの）版；解釈,This is a cheap version of the famous brand.,これはその有名ブランドの廉価版である。
365,perspective,noun,1,4,観点，見方；大局観；遠近法,Immigrants bring fresh perspectives to any society.,移民はどの社会にも新鮮な観点をもたらす。
366,crisis,noun,1,4,危機,Governments must always be prepared for a national crisis.,政府はいつも国家的危機に備えているべきだ。
367,disaster,noun,1,4,災害；惨事,Traditional Japanese architecture can stand firm against natural disasters.,伝統的な日本建築は自然災害に対してしっかりと持ちこたえることができる。
368,lecture,noun,1,4,講義，講演；説教,Professor Foote gave a lecture on economic science.,フット教授は経済学に関する講義を行った。
369,psychology,noun,1,4,心理学；心理（状態）,She entered the university to study child psychology.,彼女は児童心理学を研究するために大学に入った。
370,gender,noun,1,4,（社会的・文化的）性，性別,It is said that most languages carry delicate gender biases.,たいていの言語は微妙な性偏見を含むと言われている。
371,custom,noun,1,4,（社会的な）慣習；（～s）税関；（～s）関税,Japanese people have a custom of visiting a shrine on New Year's Day.,日本人には元日に神社に参拝するという慣習がある。
372,court,noun,1,4,裁判所，法廷；裁判；宮廷；中庭,The man finally confessed his guilt in court.,その男性はついに法廷で自分の犯罪行為を告白した。
373,desert,noun,1,4,砂漠；不毛の地,Some plants can store water and survive in the desert.,植物の中には水を貯え，砂漠で生き残ることができるものもある。
374,soil,noun,1,4,土地，土壌；（悪事などの）温床,Many farmers are improving their soil using living organisms.,多くの農家の人たちは生物を使って土壌を改良している。
375,agriculture,noun,1,4,農業；農学，畜産,Japan has a little land suitable for agriculture.,日本は農業に適した土地がわずかしかない。
376,fossil,noun,1,4,化石；時代遅れの人［物］,Some kinds of scientists are focused on researching the marine fossils.,いくつかの分野の科学者は海洋化石の研究に集中している。
377,document,noun,1,4,（公）文書，書類；記録，資料,The original role of the library was to store important documents.,図書館の本来の役割は重要な文書を保管することだった。
378,vocabulary,noun,1,4,語彙,People with a large vocabulary may experience more success in the workplace.,語彙の豊富な人は職場でより大きな成功を収めるかもしれない。
379,intelligent,adjective,1,4,聡明な；知能を有する,Many people take pride in being called smart or intelligent.,多くの人は賢いとか聡明だと呼ばれることに誇りを抱く。
380,conscious,adjective,1,4,意識して，気づいて（≒ aware）,They say that more women than men are conscious of their health.,自分の健康を意識している女性は男性より多いと言われている。
381,capable,adjective,1,4,能力がある；有能な,Human brains are capable of processing information faster than computers.,人間の脳はコンピュータより速く情報を処理することができる。
382,accurate,adjective,1,4,正確な；精密な,Accurate weather forecasts are likely to produce huge economic benefits.,正確な天気予報は莫大な経済的利益を生む可能性がある。
383,fundamental,adjective,1,4,基本的な；必須の,The ability to vote is considered a fundamental human right.,投票できることは基本的人権だと考えられる。
384,artificial,adjective,1,4,人工の（⇔ natural 自然の）；不自然な,Many companies are making advances in artificial intelligence.,多くの企業が人工知能において進歩している。
385,firm,adjective,1,4,確固たる；堅固な；安定した,He has a firm belief in the existence of aliens.,彼は地球外生物の存在に確固たる信念を持っている。
386,overall,adjective,1,4,総合的な；全体的な,The overall cost of the project was more than we expected.,プロジェクトの総費用は私たちの予想以上であった。
387,rural,adjective,1,4,田舎の（⇔ urban ⇒ 299），田園の,Some seniors are enjoying their rural life.,田舎の生活を楽しんでいる高齢者がいる。
388,military,adjective,1,4,軍の，軍事（用）の,One important military use of parachutes is for dropping cargo.,パラシュートの重要な軍事的使用法の1つは荷を投下することである。
389,nuclear,adjective,1,4,核の，原子力の,Germany decided to gradually stop using nuclear energy.,ドイツは原子力の使用を徐々にやめることを決定した。
390,biological,adjective,1,4,生物学（上）の,"Generally speaking, every organism has a biological clock.",一般的に言えば，あらゆる生き物は生物時計を有している。
391,constant,adjective,1,4,絶え間ない；一定の,The constant light in the city is useful for preventing crimes.,都市における絶え間ない明かりは犯罪を防ぐのに役立つ。
392,severe,adjective,1,4,（人・規律・事態・天気などが）厳しい；猛烈な,Many cities are facing the severe conditions of air pollution.,多くの都市が大気汚染という厳しい状況に直面している。
393,visual,adjective,1,4,視覚の；目に見える,We process visual information in the back of our brains.,私たちは脳の後部で視覚情報を処理する。
394,enormous,adjective,1,4,莫大な，巨大な,Human activity has an enormous effect on the natural environment.,人間の活動は自然環境に莫大な影響を及ぼす。
395,convenient,adjective,1,4,便利な，都合のいい,Online shopping is convenient for buying things these days.,今日，オンラインショッピングは物を買うのに便利である。
396,domestic,adjective,1,4,家庭の；国内の；（動物が）飼いならされた,The couple received counseling to deal with their domestic troubles.,その夫婦は家庭内の揉め事を解決するためにカウンセリングを受けた。
397,mass,adjective,1,4,大規模な，大量の；大衆（向け）の,The recent economic depression has created mass unemployment.,最近の経済不況は大量失業を生んだ。
398,typical,adjective,1,4,典型的な；（～に）特有の（of）,Typical Hollywood movies feature big name actors.,典型的なハリウッド映画は大物俳優を主役にする。
399,overseas,adverb,1,4,海外へ［に，で］（≒ abroad）,Japanese people can easily travel overseas if the yen is strong.,円高であれば，日本人は容易に海外へ旅行することができる。
400,nevertheless,adverb,1,4,それにもかかわらず（≒ nonetheless ⇒ 1000）,A watch is tiny but nevertheless useful.,腕時計は小さいが，それにもかかわらず役に立つ。
401,demonstrate,verb,1,5,を論証［証明］する；デモをする,The book demonstrates that education shapes the society.,その本は教育が社会を形作るということを論証している。
402,behave,verb,1,5,振る舞う；作動する,She knows how to behave in a polite manner at a restaurant.,彼女はレストランでどのように礼儀正しく振る舞うべきかを知っている。
403,educate,verb,1,5,を教育する；に教える；（能力など）を養う,Zoos offer an opportunity to educate children about wild animals.,動物園は野生動物に関して子供たちを教育する機会を与える。
404,purchase,verb,1,5,を購入する,You can purchase airline tickets online.,オンラインで航空券を購入することができる。
405,recommend,verb,1,5,を勧める,The doctor recommended that she eat more meat and eggs.,医師は彼女が肉と卵をもっと食べるように勧めた。
406,admit,verb,1,5,（を）（しぶしぶ）認める；に（～への）入場［入学など］を認める（to / into）,I admitted that I lost my father's favorite watch.,私は父のお気に入りの時計をなくしたことを認めた。
407,generate,verb,1,5,を生み出す；（電気など）を発生させる,The manager sold the office building to generate income for the company.,その経営者は会社の利益を生み出すために社屋を売却した。
408,explore,verb,1,5,（を）調査［探究］する；（を）探検［探査］する,The scientist explored the subject of clean energy in his research.,その科学者は彼の研究においてクリーンエネルギーのテーマを探究した。
409,amaze,verb,1,5,をびっくりさせる,The soprano's beautiful voice amazed the audience.,そのソプラノ歌手の美しい声は聴衆をびっくりさせた。
410,tear,verb,1,5,を引き裂く；裂ける,The baby tore part of the letter he was playing with.,その赤ん坊はいじくっていた手紙の一部を引き裂いた。
411,settle,verb,1,5,を解決する；（に）移り住む；を落ち着かせる,You should find a lawyer to settle the legal problem.,君は弁護士を見つけてその法律問題を解決するべきだ。
412,afford,verb,1,5,を持つ［する］余裕がある；を与える,I cannot afford to buy luxurious goods.,私はぜいたく品を買う余裕がない。
413,conclude,verb,1,5,と結論づける；を締めくくる；を締結する,We concluded that our new sales plan is better than our old one.,私たちは新しい販売計画は以前のものよりもよいと結論づけた。
414,advertise,verb,1,5,を宣伝する；（～を求める）広告を出す（for）,They advertise their new computer games online.,彼らは自社の新しいコンピューターゲームをオンライン上で宣伝している。
415,encounter,verb,1,5,に遭遇する；に（思いがけず）出会う,You may encounter unfamiliar things in a new environment.,人は新しい環境で未知の物事に遭遇することもある。
416,remind,verb,1,5,に思い出させる,The song always reminds me of the good old days.,その歌はいつも私に古きよき時代を思い出させる。
417,locate,verb,1,5,（受身形で）位置する；の位置を探し当てる,The library is located on the main street.,図書館は大通りに位置している。
418,aid,verb,1,5,を援助する，助ける（≒ help）,Many people sent supplies to aid disaster victims.,被災者を援助するために多くの人が救援物資を送った。
419,bite,verb,1,5,（を）かむ，（に）かみつく；（を）刺す,A big dog bit my leg when I was a child.,私が子供のころ大きな犬が私の脚にかみついた。
420,deliver,verb,1,5,を配達する；（演説・講義）をする；子を産む,He delivers packages every day regardless of the weather.,天気にかかわらず，彼は毎日小包を配達する。
421,perceive,verb,1,5,に気づく；を知覚する；を理解する,He perceived a slight change in her attitude.,彼は彼女の態度の微妙な変化に気づいた。
422,distinguish,verb,1,5,を区別する,We sometimes fail to distinguish the copies from the originals.,私たちはときどき写しを原本と区別しそこなう。
423,imply,verb,1,5,を暗に意味する；を必然的に伴う,The boy's body language implied that he did not want to go to school today.,その少年のボディーランゲージは今日学校に行きたくないことを暗に意味していた。
424,handle,verb,1,5,を処理する，扱う；を論じる；を商う,The lawyer has handled his difficult court cases properly.,その弁護士は難しい訴訟を適切に処理してきた。
425,praise,verb,1,5,を（～のことで）賞賛する（for）；賛美する,His mother would often praise him for his good school performance.,彼の母は学校の成績がいいことでよく彼を賞賛したものだ。
426,appeal,verb,1,5,訴える；抗議する；（上級審に）上訴する,Japanese farmers have appealed to the government for protection from free trade.,日本の農家の人たちは自由貿易からの保護を求めて政府に訴えた。
427,insist,verb,1,5,（を）強く主張する；要求する,He insisted on walking to school by himself.,彼はひとりで学校に歩いて行くと主張した。
428,compete,verb,1,5,競う；（通例否定文で）（～に）匹敵する（with）,Low-cost airlines in Japan will compete with their rivals in Europe.,日本の格安航空会社は，ヨーロッパの競合他社と競争することになる。
429,rank,verb,1,5,を位置づける，評価する；（ある地位に）位置する,A magazine ranked the hotel as the city's best.,ある雑誌はそのホテルを市の最高のものと位置づけた。
430,deny,verb,1,5,を否定する；を拒む,The politician denied having made such a statement.,その政治家はそのような発言をしたことを否定した。
431,reject,verb,1,5,を拒否する,She rejected the job offer due to its low pay.,彼女は低い賃金のためにその仕事の申し出を拒否した。
432,intend,verb,1,5,を意図する,She intends to go to bed early tonight.,彼女は今晩早く寝るつもりである。
433,expose,verb,1,5,をさらす；を暴露する；を露出する,Exposing your body to sunlight increases the risk of skin cancer.,日光に身体をさらすことは皮膚癌になる危険を増大させる。
434,favor,verb,1,5,に賛成する；を好む；をひいきする,More than half of the residents favor the plan to rebuild their apartment.,住民の半数以上が彼らのアパートを改築する計画に賛成している。
435,inspire,verb,1,5,（人）を奮起させる；を喚起する,Doing volunteer activities can inspire people to help others.,ボランティア活動をすることは，他人を助けるように人を奮起させ得る。
436,propose,verb,1,5,を提案する；をもくろむ；結婚を申し込む,He proposed that the company introduce energy-saving equipment to the office.,彼は会社が省エネ設備を事務所に導入することを提案した。
437,spell,verb,1,5,（語）をつづる；という語になる,Spelling a search term wrongly may give you unwanted results.,検索語を間違ってつづることは求められていない結果を生むことになるかもしれない。
438,breathe,verb,1,5,呼吸する；を吸う,Breathe deeply to relax.,深呼吸してリラックスしなさい。
439,repair,verb,1,5,を修理する（≒ fix）；を修復する,I'll have someone repair my computer as soon as possible.,できるだけ早くだれかにコンピューターを修理してもらうよ。
440,consist,verb,1,5,（～から）成る（of）；（～に）ある（in）,British society consists of a variety of cultures.,イギリス社会は多様な文化から成る。
441,comment,noun,1,5,意見，コメント；批判,Negative comments on an online review site may hurt businesses' reputations.,インターネットのレビューサイト上の否定的な意見は，企業の評判を損なう恐れがある。
442,instruction,noun,1,5,（通例～s）指示；（～s）（製品の）使用書,You don't always have to follow your boss's instructions.,常に上司の指示に従う必要はない。
443,religion,noun,1,5,宗教；信条；信仰（心）,More and more people say they do not believe in religion.,宗教を信じないと言う人が増えている。
444,neighborhood,noun,1,5,地域；近所,Both my parents grew up in a poor neighborhood.,私の両親は共に貧しい地域で育った。
445,laboratory,noun,1,5,実験室，研究室,The temperature is kept constant inside the biology laboratory.,生物学実験室の中では温度が一定に保たれている。
446,presence,noun,1,5,存在；出席；面前,The presence of friends makes your life more pleasant.,友人の存在は人生をより楽しくする。
447,confidence,noun,1,5,自信；信頼；秘密,The teacher's praise for her schoolwork strengthened her confidence.,彼女の学業に対する教師の賞賛が彼女の自信を強めた。
448,harm,noun,1,5,害，損害,The dry weather has caused serious harm to the crops.,乾燥した天気は作物に深刻な害を引き起こした。
449,instrument,noun,1,5,器具；楽器（≒ musical instrument）,The doctor created a number of useful medical instruments.,その医師は数多くの有用な医療器具を開発した。
450,category,noun,1,5,部類，区分；範疇,People in the over-70 age category pay less at the hospital.,70歳以上の年齢区分に入る人は，病院での支払いが少ない。
451,capital,noun,1,5,資本；首都；大文字（≒ capital letter）,Some companies in western countries have foreign capital in Asia.,西洋諸国のいくつかの会社はアジアに外資を持っている。
452,outcome,noun,1,5,結果（≒ result）；成果,Many people watched the news for the outcome of the trial.,多くの人がその裁判の結果のニュースを見た。
453,notion,noun,1,5,概念，観念；見解；意向,He considers the notion of peace as the absence of war.,彼は平和の概念を戦争のない状態としてとらえている。
454,review,noun,1,5,（書物などの）論評；再調査；【米】復習,I read his review of the newly published book.,私はその新刊書についての彼の論評を読んだ。
455,trait,noun,1,5,特性（≒ feature）,She bears physical traits common to the general Japanese population.,彼女は一般的な日本人に共通する身体的特徴を備えている。
456,diversity,noun,1,5,多様性；相違点,Racial diversity is a major part of American society.,人種的多様性はアメリカ社会の主要な一部である。
457,victim,noun,1,5,犠牲（者），被害者,They have been working to aid victims injured by war.,彼らは戦争で負傷した犠牲者を援助するために活動してきている。
458,occasion,noun,1,5,場合，時；行事；機会,I have met him on two separate occasions.,私は別々の時に2度彼に会ったことがある。
459,facility,noun,1,5,施設，設備；機能；才能,The city has decided to increase the number of its day care facilities.,市はデイケア施設の数を増やすことに決めた。
460,stock,noun,1,5,在庫品；蓄え；株,The store held a clearance sale to reduce their old stock.,その店は古い在庫品を減らすために在庫一掃セールを行った。
461,conference,noun,1,5,会議；協議,I am leaving for Atlanta tomorrow to attend the international conference.,私は国際会議に出席するため明日アトランタに向けて出発する。
462,humanity,noun,1,5,人類；人間性；人情；（（the） ～ties）人文科学,Humanity is now faced with many environmental problems.,人類は今や多くの環境問題に直面している。
463,dialect,noun,1,5,方言,The man learned a new regional dialect after moving into the countryside.,その男性は地方に引っ越した後，新しい地域方言を学んだ。
464,proportion,noun,1,5,割合；部分；釣り合い,A high proportion of the younger population reads no newspapers at all.,若い世代の高い割合が新聞をまったく読まない。
465,tip,noun,1,5,助言，秘訣；チップ；先端,I will give you a useful tip: be honest to yourself.,君に役立つアドバイスをあげるよ。自分に正直であれということだ。
466,lawyer,noun,1,5,弁護士,He consulted a lawyer to discuss filing a lawsuit.,彼は訴訟を起こすことを検討するために弁護士に相談した。
467,stuff,noun,1,5,（漠然と）物；素材；素質,She keeps her personal stuff in the cabinet in her office.,彼女は事務所の戸棚の中に私物を保管している。
468,comfort,noun,1,5,快適さ；慰め,He has been living in comfort and safety since his retirement.,彼は引退以来ずっと快適で安全に暮らしている。
469,philosophy,noun,1,5,哲学；原理；人生観,The student took the class of modern philosophy just for fun.,その学生は単に楽しみのために現代哲学の授業を取った。
470,mammal,noun,1,5,哺乳動物,Most mammals including human beings can maintain their body temperature naturally.,人間を含むたいていの哺乳動物は自然に体温を保つことができる。
471,quantity,noun,1,5,量（⇔ quality ⇒ 69）；分量,Burning jet fuel releases vast quantities of carbon dioxide.,ジェット燃料の燃焼は大量の二酸化炭素を放出する。
472,landscape,noun,1,5,風景；領域；状況,The colorful flowers add much beauty to the rural landscape.,色彩豊かな花々が田舎の風景に多くの美を添える。
473,tribe,noun,1,5,部族；仲間,"For Native American tribes, lacrosse games are major events.",アメリカ先住民の部族にとって，ラクロスの試合は大きな行事である。
474,organ,noun,1,5,器官，臓器；組織；（パイプ）オルガン,The brain is the most advanced organ in the known universe.,脳は既知の宇宙において最も進歩した器官である。
475,trial,noun,1,5,試み，（品質・性能などの）試験；裁判；試用期間,Singapore has started the world's first public trial of the robo-taxi service.,シンガポールはロボットタクシー運行業務の世界初の公開試験を始めた。
476,norm,noun,1,5,規範；標準,You are expected to adapt to changes in social norms.,社会規範の変化に順応することが求められている。
477,code,noun,1,5,規範；暗号；法典,The local restaurant has a formal dress code.,その地元のレストランは正式な服装規定がある。
478,substance,noun,1,5,物質；実体；趣旨,Drinking water must be clean and free from harmful substances.,飲料水は清潔で，有害物質なしでなければならない。
479,multiple,adjective,1,5,多様な；種々雑多な,The student searched multiple information sources for his project.,その学生は自分の研究課題のために多様な情報源を検索した。
480,numerous,adjective,1,5,非常に数の多い,Kyoto is an old capital city with numerous temples and shrines.,京都は非常に多くの寺や神社がある古都である。
481,narrow,adjective,1,5,狭い；細い；限られた,The temperature varies only within a narrow range in a cave.,洞窟の中では気温は狭い範囲内でしか変動しない。
482,widespread,adjective,1,5,広範囲にわたる；広く普及した,My mother had trouble washing out a widespread stain on my T-shirt.,母は私のTシャツについた広範囲のしみを洗い落とすのに苦労した。
483,sufficient,adjective,1,5,（～に；…するのに）十分な（for；to do）,My new house doesn't have the sufficient space to place all my furniture.,私の新しい家にはすべての家具を置くための十分なスペースがない。
484,proper,adjective,1,5,適切な；正式の；（名詞の後ろで）主要な；（～に）固有の（to）,We should take proper measures to prevent accidents on highways.,私たちは幹線道路での事故を防ぐために適切な対策をとるべきである。
485,linguistic,adjective,1,5,言語の，言語学の,Translators apply their general and linguistic knowledge.,翻訳者は自らの一般知識と言語の知識を用いる。
486,annual,adjective,1,5,年1回の，例年の；1年間の,My annual medical checkup is coming up soon.,年に１度の健康診断がもうすぐやってくる。
487,contemporary,adjective,1,5,現代の；同時代の；同年輩の,"If you prefer contemporary art, you should visit Tate Modern.",現代美術が好みなら，テートモダン美術館を訪れるべきだ。
488,contrary,adjective,1,5,（～と）反対の（to）,"Contrary to his expectations, the exam was very hard.",彼の期待に反して，その試験はとても難しかった。
489,strict,adjective,1,5,（規則などが）厳しい；厳格な,Australia has taken strict measures against illegal imports.,オーストラリアは不正輸入に対して厳しい対策をとってきた。
490,civil,adjective,1,5,市民の；民間の；民事の（⇔ criminal 刑事の）,The U.S. Supreme Court often makes decisions concerning civil rights.,合衆国最高裁判所はしばしば公民権にかかわる判断を下す。
491,odd,adjective,1,5,奇妙な（≒ strange）；奇数の,The teacher told his students some odd facts about world history.,その教師は生徒たちに世界史に関するいくつかの奇妙な事実を伝えた。
492,unknown,adjective,1,5,不明の；（～に）知られていない（to），無名の,The cause of the accident is still unknown.,その事故の原因はいまだに不明である。
493,superior,adjective,1,5,よりすぐれた（⇔ inferior ⇒ 1092）,It is not easy to determine which kinds of art are superior to others.,どの種類の芸術がほかのものよりすぐれているかを決めるのは，容易ではない。
494,sensitive,adjective,1,5,敏感な；神経質な；微妙な,My teeth are extremely sensitive to cold things.,私の歯は冷たい物に極めて敏感である。
495,violent,adjective,1,5,（人・気質などが）激しい；暴力的な,It is said that American football is a violent sport.,アメフトは激しいスポーツであると言われている。
496,virtual,adjective,1,5,仮想の；事実上の,Virtual reality goggles make you unaware of your actual surroundings.,仮想現実ゴーグルをかけると，実際の周囲の状況に気づかなくなる。
497,regardless,adjective,1,5,（～に）かまわない，無頓着な（of）,The opportunity to work in all careers should be equal regardless of gender.,あらゆる職業において働く機会は性別にかかわらず均等であるべきである。
498,immediate,adjective,1,5,即座の；当面の；すぐそばの；直接の,He gave us an immediate answer on the matter.,彼は私たちにその問題に関して即答した。
499,crucial,adjective,1,5,重要な,It is crucial that you are very careful when checking documents.,書類を確認する際は非常に注意することが重要である。
500,somewhat,adverb,1,5,いくぶん，多少,I'll be somewhat late for your birthday party on Friday.,私は金曜日のあなたの誕生日パーティーに少し遅れます。
501,interpret,verb,1,6,を解釈する；（を）通訳する,We often interpret dreams as a reflection of our true thoughts.,私たちは夢を自分自身の本心の現れとして解釈することが多い。
502,translate,verb,1,6,を翻訳する；を（～に）変える（into）,She translated an English essay into French with ease.,彼女は英語のエッセイを容易にフランス語に翻訳した。
503,concentrate,verb,1,6,（を）集中する,In a quiet library I can concentrate on studying.,静かな図書館で私は勉強に集中することができる。
504,request,verb,1,6,に（…するように）頼む（to do）；を要請する,The flight attendant requested all the passengers to remain seated.,客室乗務員は乗客全員に座ったままでいるように求めた。
505,criticize,verb,1,6,を批判する；を批評する,Employees criticized the company president for poor management.,従業員たちは下手な経営を理由に社長を批判した。
506,overcome,verb,1,6,を克服する,He managed to overcome his money problems.,彼はなんとか自らの金銭問題を克服した。
507,obtain,verb,1,6,を得る,"After graduation, he obtained a position in a large company.",卒業後，彼は地元の銀行で職を得た。
508,inform,verb,1,6,に知らせる；情報を提供する,Please inform us of any change in your plan.,計画のどんな変更も我々にお知らせください。
509,ensure,verb,1,6,を確実にする（≒ make sure）；を守る,Please ensure that your safety belts are fastened.,確実に安全ベルトが締まっているようにしてください。
510,announce,verb,1,6,を発表［公表］する，知らせる；（物事が）を告げる,The government announced a new policy on agriculture.,政府は農業に関する新しい政策を発表した。
511,grant,verb,1,6,（人）に（許可・権利など）を与える；を認める,A fingerprint scanner can be used to grant employees access to certain areas.,指紋スキャナーは社員にある区域への立ち入り権を与えるのに使うことができる。
512,freeze,verb,1,6,凍る；を凍らせる；（計画・資金など）を凍結する,"When water in the ocean freezes, layers of ice may form.",海水が凍るとき，氷の層が形成されることもある。
513,oppose,verb,1,6,に反対する；を対抗［対比］させる,Many voters opposed the current law.,多くの有権者は現行法に反対した。
514,differ,verb,1,6,異なる,Humans differ from other animals mostly due to their large brains.,人間は主としてその大きな脳のためにほかの動物と異なる。
515,hate,verb,1,6,をひどく嫌う；を残念に思う,My sister hates to practice the piano every day.,私の妹は毎日ピアノの練習をするのをひどく嫌う。
516,emphasize,verb,1,6,を強調する；を重視する,Ecologists are emphasizing the need to protect the environment.,生態学者は自然環境を保護する必要性を強調している。
517,employ,verb,1,6,を雇う（≒ give ～ a job）；を使う（≒ use）,The research center now employs more than 100 scientists.,その研究センターは現在100人以上の科学者を雇っている。
518,credit,verb,1,6,（功績など）を（～に）帰する（to）；を信じる,Her colleagues credit her success to her skill at blocking computer hackers.,彼女の同僚は彼女の成功をコンピューターハッカーの阻止に関する彼女の技術のおかげだと思っている。
519,transform,verb,1,6,を変える；変わる,Solar panels transform the sun's energy into electricity.,太陽電池パネルは太陽エネルギーを電力に変える。
520,construct,verb,1,6,を建設する（＝ build）；を構成する,The city plans to construct new public transportation facilities.,市は新しい公共輸送施設を建設する計画である。
521,arise,verb,1,6,生じる,Social problems may arise from cultural differences.,社会問題は文化的な相違から生じることもある。
522,beat,verb,1,6,を打ち負かす；（を）打つ，たたく,Tim hopes to beat last year's champion in the next game.,ティムは次の試合で昨年の優勝者を打ち負かしたいと思っている。
523,regret,verb,1,6,を後悔する,The lawyer regrets having been unable to help his client.,その弁護士は依頼人を助けられなかったことを悔やんでいる。
524,alter,verb,1,6,を変える；変わる（≒ change）,An increase in foreigners may alter a country's traditional identity.,外国人の増加は国の伝統的な独自性を変えるかもしれない。
525,absorb,verb,1,6,を吸収する；を併合する；を夢中にさせる,The new T-shirt absorbs sweat and dries fast.,その新しいTシャツは汗を吸収して速く乾く。
526,disappoint,verb,1,6,を失望させる；（希望など）をくじく,They were disappointed with the poor service of the restaurant.,彼らはそのレストランのお粗末なサービスに失望した。
527,cure,verb,1,6,を治す；を取り除く；（病気が）治る,Advanced medical techniques may cure certain types of cancer.,先進医療技術はある種の癌を治すことがある。
528,transport,verb,1,6,を輸送する；を運ぶ,Ships are used to transport most of the world's commercial goods.,船は世界の商品の大半を輸送するのに用いられる。
529,rush,verb,1,6,急いで行く；性急に行動する；をせき立てる,The ambulance rushed to the scene of the accident to help the man.,救急車はその男性を助けるために事故現場に急行した。
530,hang,verb,1,6,を掛ける；を絞首刑にする；垂れ（下が）る,He hung his jacket on the back of his chair.,彼は椅子の背に自分の上着を掛けた。
531,blame,verb,1,6,を責める；の責任を負わせる,We often blame a politician for having made a careless remark.,私たちは不注意な発言をしたことでよく政治家を責める。
532,ban,verb,1,6,を（法的に）禁止する；を締め出す,"Today, many restaurants ban smoking inside.",今日，多くのレストランが店内での喫煙を禁止している。
533,fascinate,verb,1,6,を魅了する,Picasso's paintings have long fascinated people in the world.,ピカソの絵画は長い間世界中の人々を魅了してきた。
534,recover,verb,1,6,回復する；を取り戻す,John used Chinese medicine to recover from his injuries.,けがから回復するためにジョンは漢方医学を使った。
535,celebrate,verb,1,6,を祝う；を挙行する,My parents celebrated their 25th wedding anniversary in December.,私の両親は12月に結婚25周年を祝った。
536,manufacture,verb,1,6,を製造する；をでっち上げる,The electronics company manufactures large quantities of smartphones.,その電子機器会社は大量のスマートフォンを製造している。
537,interact,verb,1,6,影響し合う；相互に作用する,Ecologists study how organisms interact with their environment.,生態学者は生物がどのように自らの環境と影響し合っているかを研究する。
538,arrange,verb,1,6,の段取りをつける；を手配する；を配置する,She arranged a surprise party for her daughter.,彼女は娘のためのサプライズパーティーの段取りをつけた。
539,adjust,verb,1,6,を調整する；を適合させる；順応する,The chef adjusted the seasoning just before serving the soup.,シェフはスープを出す直前に味つけを調整した。
540,confirm,verb,1,6,を確認する；を裏づける,The postal worker confirmed my identity before handing me the express letter.,その郵便局員は速達の手紙を私に渡す前に私の身元を確認した。
541,insight,noun,1,6,見識，理解（力）；洞察力,The research gave him new insights into human behavior.,その研究は人間の行動に対する新たな見識を彼に与えた。
542,innovation,noun,1,6,革新；新機軸,We can use the Internet anywhere thanks to technological innovations.,私たちは技術革新のおかげでどこでもインターネットを使うことができる。
543,budget,noun,1,6,予算；経費,The public library was closed on account of budget cuts.,その公立図書館は予算削減のために閉鎖された。
544,fee,noun,1,6,料金；謝礼,"On weekends, the City Museum reduces the entrance fee for children.",週末に，市博物館は子供の入館料を下げる。
545,expense,noun,1,6,（～s）経費；費用；犠牲,The manager aims to cut down personnel expenses.,その経営者は人件費を削減しようとしている。
546,debt,noun,1,6,借金，負債；恩義,"I am 500,000 yen in debt to my parents.",私は両親に50万円の借金がある。
547,loan,noun,1,6,貸付金，融資；貸すこと,He spent ten years paying back the bank loan.,彼は銀行の貸付金を返済するのに10年を費やした。
548,duty,noun,1,6,義務；（しばしば～ties）職務；関税,He was blamed for not doing his duty as a parent.,彼は親としての義務を果たさないことで責められた。
549,alarm,noun,1,6,不安，恐れ；警報装置,"When she heard a strange sound, she looked around in alarm.",彼女は奇妙な音を聞いたとき，不安を感じて辺りを見回した。
550,emergency,noun,1,6,緊急（事態）,You need to know what to do in an emergency.,君は緊急の場合にどうすべきかを知っておく必要がある。
551,democracy,noun,1,6,民主主義，民主政治；民主国家,Majority rule is the basic principle of democracy.,多数決原理は民主主義の基本原則である。
552,minister,noun,1,6,大臣；（プロテスタント系の）聖職者,The Prime Minister's explanations were sometimes inconsistent.,総理大臣の説明はときに首尾一貫していなかった。
553,fellow,noun,1,6,仲間，同僚；同級生；男,You should get along with your fellows at work.,職場の同僚とうまくやっていくべきである。
554,candidate,noun,1,6,（～の）候補（者）（for）；志願者,Today she interviewed four candidates for the new position.,今日，彼女はその市長候補者にインタビューする予定だ。
555,corporation,noun,1,6,（大）企業；法人,Giant corporations control the worldwide industry of computer services.,巨大企業が世界中のコンピューターサービス産業を支配している。
556,stereotype,noun,1,6,固定観念；決まり文句,Most foreigners have a positive stereotype of Japan.,たいていの外国人は，日本に対して固定観念を抱いている。
557,route,noun,1,6,道（筋）；路線，ルート；（～の）手段（to）,The GPS can plan the best route for the driver.,GPSは運転手にとっての最善の道筋を計画することができる。
558,disorder,noun,1,6,障害，（心身の）不調；混乱,Normal human emotions like temporary sadness are sometimes treated as mental disorders.,人間的感情が，ときに精神障害を引き起こすことがある。
559,depression,noun,1,6,憂うつ；うつ病；不況；低気圧,Experts say that aerobic exercise reduces stress and depression.,専門家は有酸素運動がストレスや憂うつを軽減すると言う。
560,weapon,noun,1,6,兵器，武器（≒ arms）,Several international treaties ban the use of biological and chemical weapons.,いくつかの国際条約が生物・化学兵器の使用を禁じている。
561,immigration,noun,1,6,（他国からの）移民，移住；入国管理,Labor shortages were the main driving force of immigration from other countries.,労働力不足は他国からの移民の主要な推進力であった。
562,barrier,noun,1,6,（～に対する）障壁（against / to）；防壁,They finally overcame the language barrier against each other.,彼らはついにお互いの言語の障壁を克服した。
563,disadvantage,noun,1,6,不利（な点）；障害；（信用などの）損失,Poor children tend to suffer educational and social disadvantages.,貧しい子供たちは教育的・社会的不利を被る傾向がある。
564,mood,noun,1,6,気分；機嫌；雰囲気,"Today, I am in the mood for an Italian meal.",今日はイタリア料理の気分だ。
565,motion,noun,1,6,動き，動作；運動；動議,Exercise may improve your body's range of motion.,運動は身体の可動域を改善し得る。
566,routine,noun,1,6,決まり切った仕事；いつもの手順,You need an occasional break from your daily routine.,あなたは決まり切った日々の仕事からときにはひと休みが必要だ。
567,discipline,noun,1,6,規律，しつけ；訓練；懲戒；学問分野,Teachers often deal with the discipline problems of their students.,教師はよく生徒のしつけの問題に対処する。
568,myth,noun,1,6,作り話；神話,It is a total myth that men are better drivers than women.,男性が女性より車の運転が上手であるというのはまったくの作り話である。
569,hypothesis,noun,1,6,仮説；憶測,The scientist developed a logical hypothesis for his next experiment.,その科学者は彼の次の実験のために論理的な仮説を立てた。
570,physician,noun,1,6,（主に米）医師（≒ doctor）；内科医,The physician at the hospital has special knowledge of food allergies.,その病院のその医師は食物アレルギーについて特別な知識を持っている。
571,client,noun,1,6,顧客（≒ customer）；（弁護士などの）依頼人,She had a business meeting with an important client.,彼女は重要な顧客との商談を持った。
572,colony,noun,1,6,植民地；集団居住地；（動植物の）コロニー,"In former British colonies such as Australia, they drive on the left.",かつてのイギリス植民地では，車は道路の左側を走る。
573,statistics,noun,1,6,統計；統計学,Statistics show that school uniforms have positive effects on students' behavior.,学校の制服が生徒の行動にプラスの効果を及ぼすことを統計は示す。
574,grain,noun,1,6,穀物；粒；きめ,Dr. Willett recommends eating whole grains for breakfast.,ウィレット博士は全粒穀物を朝食に食べることを勧める。
575,ingredient,noun,1,6,材料，成分；（成功の）要因,He wanted to know the calories and the ingredients of the dish.,彼はその料理のカロリーと材料を知りたがった。
576,treasure,noun,1,6,宝物，財宝；財産,The painting of Christ in the museum is a national treasure.,その美術館にあるキリストの絵画は国宝である。
577,contract,noun,1,6,契約（書）；協定,He has made a three-year contract with a professional soccer team.,彼はプロサッカーチームとの3年契約を結んだ。
578,welfare,noun,1,6,福祉，幸福,The local government in our city is concerned with child welfare.,私たちの市の地方自治体は児童福祉を重視している。
579,prime,adjective,1,6,主要な，最も重要な；最適な；極上の,Staring at your computer monitor is the prime cause of dry eye.,コンピューター画面をじっと見ることはドライアイの主要な原因である。
580,curious,adjective,1,6,好奇心の強い；奇妙な,Students should be curious about the world around them.,学生は自分の周りの世界に関して好奇心旺盛であるべきだ。
581,dramatic,adjective,1,6,劇的な；演劇の,The IT industry has achieved dramatic growth over the past decade.,IT産業は過去10年間に劇的な発展を遂げた。
582,distinct,adjective,1,6,明らかに異なる；明瞭な,The four distinct seasons in Japan attract many foreign tourists.,日本の明らかに異なる4つの季節は多くの外国人旅行者を引きつける。
583,anxious,adjective,1,6,心配して；切望して,Young people are often anxious about their future.,若者はよく自分の将来を心配している。
584,vital,adjective,1,6,必要不可欠な；活気のある；生命にかかわる,A long-term defense strategy is vital to national security.,長期的な防衛戦略は国家の安全保障にとって必要不可欠である。
585,conventional,adjective,1,6,従来の；月並みな,This product is far superior to conventional models.,この製品は従来型よりはるかにすぐれている。
586,abstract,adjective,1,6,抽象的な（⇔ concrete ⇒ 783）,Human language allows us to talk about abstract concepts.,人間の言語は私たちが抽象的概念について語るのを可能にする。
587,minor,adjective,1,6,重要でない；小さい（⇔ major ⇒ 88）,The mechanic found that there were minor problems with the car.,整備士はその車にささいな問題があるのを見つけた。
588,extraordinary,adjective,1,6,並はずれた；異常な，驚くべき,He has extraordinary knowledge in the area of organic chemistry.,彼は有機化学の分野において並はずれた知識を持っている。
589,stable,adjective,1,6,安定した（⇔ unstable 不安定な）；動じない,Fair-trade helps workers in coffee farms live more stable lives.,フェアトレードはコーヒー農園の労働者がより安定した生活を送るのを助ける。
590,flexible,adjective,1,6,融通の利く，柔軟な,Many IT companies are adopting flexible working hours.,多くのIT企業は融通の利く勤務時間制を採用しつつある。
591,brief,adjective,1,6,簡潔な；短い,I have tried to keep my explanation brief.,私は自分の説明を簡潔にしておこうと努めた。
592,aggressive,adjective,1,6,攻撃的な；意欲的な,She has an aggressive attitude to her junior colleagues.,彼女は職場の後輩に対し攻撃的な態度をとる。
593,visible,adjective,1,6,（目に）見える（⇔ invisible 見えない）；明白な,The shampoo had a clearly visible effect on her hair.,そのシャンプーは彼女の髪の毛にはっきりと目に見える効果があった。
594,unexpected,adjective,1,6,思いがけない，不意の,There was an unexpected delay in the arrival of my train.,私が乗る列車の到着に思いがけない遅れがあった。
595,ethnic,adjective,1,6,民族の，人種の；民族特有の,Britain is a society with a rich ethnic diversity.,イギリスは豊かな民族的多様性を有する社会である。
596,alien,adjective,1,6,（～にとって）異質の（to）；外国の；宇宙人の,Giving a tip at a restaurant is a habit alien to most Japanese people.,レストランでチップを渡すことはたいていの日本人にとって異質の習慣である。
597,initial,adjective,1,6,初めの,Initial treatment is crucial for those with breast cancer.,初期の治療が乳癌にかかった人にとって重大である。
598,exact,adjective,1,6,正確な；まさにその,She tried to make an exact copy of the Mona Lisa.,彼女はモナ・リザの正確な模写を描こうとした。
599,precise,adjective,1,6,正確な（≒ exact）；精密な；まさにその,The precise height of the tower is 634 meters.,そのタワーの正確な高さは634メートルである。
600,latter,adjective,1,6,後者の（⇔ former 前者の），後半の,The latter group in the experiment showed better results than the other group.,実験の後半のグループのほうがもう一方のグループよりよい結果を出した。
601,commit,verb,1,7,（commit oneselfまたは受身形で）献身する；（罪など）を犯す；を投入する,She is committed to managing her company.,彼女は自分の会社の経営に専念している。
602,stimulate,verb,1,7,を刺激する,A good foreign policy stimulates the economy.,すぐれた外交政策は経済を刺激する。
603,enhance,verb,1,7,（価値など）を高める，増す,Some say that traveling abroad will enhance your job opportunities.,海外旅行が仕事の機会を増やすことになると言う人がいる。
604,pursue,verb,1,7,を追求する；に従事する,I hope to pursue my own interests at a university.,私は大学で自分自身の興味を追求することを望んでいる。
605,react,verb,1,7,反応する；化学反応を起こす,Life is decided by how you react to what happens to you.,人生は自分の身に起こることにどう反応するかによって決定される。
606,disagree,verb,1,7,不賛成である；意見が食い違う,Most of the audience disagreed with the speaker's opinions.,聴衆の大半は演説者の意見に不賛成であった。
607,stare,verb,1,7,じっと見る；を見つめる,She stared at the unexpected visitor for a while.,彼女はしばらくの間その思いがけない訪問者をじっと見た。
608,abandon,verb,1,7,を捨てる；を放棄する，断念する,Some of the population is likely to abandon the polluted city.,住民の一部は汚染された都市を見捨てる可能性がある。
609,quit,verb,1,7,をやめる；（場所）を去る,He had to quit the job due to his poor health.,彼は体調不良により仕事を辞めなくてはならなかった。
610,capture,verb,1,7,をとらえる；をとりこにする,His approach seems to capture the essential characteristics of visual art.,彼の手法は視覚芸術の本質的特徴をとらえているように思える。
611,transfer,verb,1,7,を移す；を伝える；移る；乗り換える,The gallery will transfer one item of its collection to a Tokyo art museum.,その美術館は収蔵品の1点を東京の美術館に移す予定である。
612,bother,verb,1,7,を悩ます；（～を）気にかける（about / with）,The high humidity in this country sometimes bothers foreign visitors.,この国の高い湿度は外国人観光客を悩ませることがある。
613,persuade,verb,1,7,を説得する；に確信させる,I managed to persuade her to accept our offer.,私はなんとか彼女を説得して私たちの申し出を受け入れさせた。
614,rent,verb,1,7,を賃借りする；を賃貸しする,I need to rent an apartment in Osaka.,私は大阪でマンションの一室を賃借りする必要がある。
615,breed,verb,1,7,を繁殖させる，育てる；繁殖する,It can be difficult to breed wild animals in a zoo.,動物園で野生動物を繁殖させるのは難しいことがある。
616,invest,verb,1,7,（を）投資する；に（～を）与える（with）,He invested some of his money in high-tech stocks.,彼は自分の金の一部をハイテク株に投資した。
617,reserve,verb,1,7,を予約する；を取っておく；（判断など）を保留する,She reserved a flight for New York three months ahead of time.,彼女は出発日の3か月前にニューヨーク行きの航空便を予約した。
618,trace,verb,1,7,（足跡・起源など）をたどる；を捜し出す,The history of Western theater can be traced back to ancient Greece.,西洋演劇の歴史は古代ギリシャにまでさかのぼることができる。
619,illustrate,verb,1,7,を説明する；に挿絵を入れる,The professor illustrated his theory with diagrams.,教授は図を使って自身の理論を説明した。
620,advise,verb,1,7,に忠告［助言］する；（を）助言する,The doctor advised Ella to avoid eating dairy products.,医師はエラに乳製品をとるのを避けるように忠告した。
621,convey,verb,1,7,を伝える；を運ぶ，運搬する,It is said that smiles convey many different emotions.,ほほえみは多くの異なる感情を伝えると言われる。
622,attach,verb,1,7,を（取り）付ける；を付与する,"To apply for a passport, he attached his photo to the form.",パスポートを申請するのに，彼は申請書に写真を貼り付けた。
623,stretch,verb,1,7,を伸ばす；を広げる；伸びる；及ぶ,She stood up and stretched her arms forward.,彼女は立ち上がり両腕を前に伸ばした。
624,puzzle,verb,1,7,を当惑させる,Her strange behavior at the party puzzled us.,パーティーでの彼女の奇妙な行動は私たちを当惑させた。
625,disturb,verb,1,7,をかき乱す；を妨害する；を動揺させる,Humans should never disturb the balance of the natural world.,人間は決して自然界のバランスをかき乱してはならない。
626,crash,verb,1,7,衝突する，墜落する；をぶつけて壊す,He drove off the road and crashed into a tree.,彼の車は道路をはずれて，木に衝突した。
627,cope,verb,1,7,うまく処理する,I have no idea how to cope with this problem.,この問題にどう対処すればよいか私にはまったくわからない。
628,permit,verb,1,7,を許可する（≒ allow）（⇔ forbid ⇒ 1013）,The guard didn't permit us to enter the building.,守衛は私たちがビルに入るのを許さなかった。
629,impress,verb,1,7,を感動させる；に印象を与える,I was impressed by the beautiful view from the top of the mountain.,私は山頂からの美しい景色に感動した。
630,suspect,verb,1,7,ではないかと思う；（人）を疑う,I suspect that she told a lie.,私は彼女がうそをついたのではないかと思う。
631,upset,verb,1,7,を動揺させる；をだめにする,Don't upset yourself over such a tiny mistake.,そんな小さなミスで動揺しないでください。
632,frighten,verb,1,7,（人）を怖がらせる,The little girl was frightened by the big dog.,その小さな女の子は大きな犬におびえた。
633,import,verb,1,7,を輸入する（⇔ export （を）輸出する）；を取り込む,Japan imports most of its energy resources from other countries.,日本はエネルギー資源の大半を他国から輸入している。
634,export,verb,1,7,（を）輸出する（⇔ import を輸入する）,Japan mainly exports cars and electronic components to the world.,日本は主に自動車と電子部品を世界に輸出している。
635,investigate,verb,1,7,を調査する；を究明する；（～を）調査する（into）,Many scientists have investigated various types of strange phenomena.,多くの科学者がさまざまなタイプの奇妙な現象を調査してきた。
636,monitor,verb,1,7,を監視する；を傍受する,People may be monitored by cameras set all around the city.,人々は市内に設置されたカメラによって監視されているかもしれない。
637,calculate,verb,1,7,を計算する；を予測する,I have calculated the remaining amount of my car loan.,私は車のローンの残額を計算した。
638,eliminate,verb,1,7,を取り除く,We must figure out measures to eliminate crime from society.,私たちは社会から犯罪を取り除く方策を考え出さなくてはならない。
639,ease,verb,1,7,を軽減する；和らぐ；緩む,This medicine is used to ease stomach pain.,この薬は胃痛を軽減するのに用いられる。
640,launch,verb,1,7,を開始する；を売り出す；を発射する,We have sufficient financial resources to launch a new business.,私たちは新しいビジネスを始めるのに十分な資金源を持っている。
641,sequence,noun,1,7,連続；一連（のもの）,Identical twins have the same gene sequence.,一卵性の双子は同じ遺伝子配列を持っている。
642,therapy,noun,1,7,療法；心理療法,"Music therapy has been used for nearly 2,000 years.","音楽療法はほぼ2,000年もの間用いられてきている。"
643,symptom,noun,1,7,症状；兆候（≒ sign）,The symptoms of cholera are similar to those of Ebola fever.,コレラの症状はエボラ出血熱の症状に似ている。
644,incident,noun,1,7,出来事，事件；紛争,Many strange incidents have happened to me recently.,最近私に多くの奇妙な出来事が起こっている。
645,witness,noun,1,7,目撃者（≒ eyewitness）；証人；証拠，証言,The police are searching for the witnesses to the accident.,警察はその事故の目撃者を捜索している。
646,sum,noun,1,7,（金）額；合計；要点,The government spent a large sum of money on energy projects last year.,政府は昨年エネルギー事業に多額の金を費やした。
647,burden,noun,1,7,負担；（重い）義務；積み荷,The government should lighten the tax burden on low-income earners.,政府は低所得者に対する税負担を軽減すべきである。
648,tone,noun,1,7,口調；音色；雰囲気；色調,You need to use an appropriate tone of voice when you speak.,話すときは適切な口調を用いる必要がある。
649,honor,noun,1,7,光栄；名誉（⇔ dishonor 不名誉）；敬意,She considered it an honor to give a speech at the wedding.,彼女は結婚式でスピーチをすることを光栄だと思った。
650,award,noun,1,7,（～の）賞（for）；（証書などの）授与,He won a major award for his painting.,彼は自作の絵画で主要な賞を獲得した。
651,priority,noun,1,7,優先（事項）,The newspaper gives priority to providing accurate information.,その新聞は正確な情報を提供することを優先させる。
652,logic,noun,1,7,論理；道理；論理学,The speaker explained his main point using clear logic.,その演説者は明快な論理を使って自身の要点を説明した。
653,minimum,noun,1,7,最小限度（⇔ maximum ⇒ 965）,People riding trains usually try to keep the noise level to a minimum.,電車に乗っている人は普通，雑音レベルを最小限に保とうとする。
654,exception,noun,1,7,（～の）例外（to）,There is no exception to his regular life.,彼の規則正しい生活に例外はない。
655,clue,noun,1,7,（～の）手がかり（to / about）；（パズルの）ヒント,Research in physics may give us clues to understanding the universe.,物理学の研究は宇宙を理解する手がかりを私たちに与えるかもしれない。
656,bond,noun,1,7,絆；債券；束縛；接着剤,The bond between the two sisters is very strong.,その2人姉妹の間の絆は非常に強い。
657,virus,noun,1,7,ウイルス；（感染症の）病原体,She might have been infected with the influenza virus.,彼女はインフルエンザウイルスに感染したかもしれない。
658,surgery,noun,1,7,（外科）手術；外科，外科医学,One's eyesight might be improved with laser surgery.,レーザー手術により視力が改善されることもある。
659,insurance,noun,1,7,保険；保険料；保険金,Foreign workers in Japan easily get access to Japanese health insurance.,日本在住の外国人労働者は容易に日本の健康保険を利用することができる。
660,frame,noun,1,7,枠，（額）縁；骨組み；体格,He put his most recent photo in a frame.,彼は自分のごく最近の写真を額縁に入れた。
661,shelter,noun,1,7,避難（所），保護,People took shelter from sudden hard rain in a roofed structure.,人々は突然の激しい雨から屋根付きの建物に避難した。
662,territory,noun,1,7,領土；（活動の）領域；（動物の）テリトリー,Singapore has increased the size of its territory by 20 percent using sand.,シンガポールは砂を使って領土面積を20パーセント増やした。
663,boundary,noun,1,7,境界（線）；（通例～ries）限界,Social media has broken down the boundary between the public and private.,ソーシャルメディアは公私の境界線をなくした。
664,habitat,noun,1,7,生息地；（人の）居住地,We have destroyed the natural habitat of animals for human development.,私たちは人間による開発のために動物の自然生息地を破壊してきた。
665,district,noun,1,7,地区；行政区,Thirty percent of driving in business districts is spent looking for parking.,商業地区での車の運転の30%は駐車スペースを探すことに費やされる。
666,conservation,noun,1,7,（動植物などの）保護；保存,We should spend more time and money on nature conservation.,私たちは自然保護にもっと多くの時間と金を費やすべきである。
667,harvest,noun,1,7,収穫（物）；収穫期；漁獲高,We expect to have a good harvest of crops this year.,私たちは今年，作物の収穫が多いことを期待している。
668,predator,noun,1,7,捕食動物；略奪者,Small animals need to protect themselves from large predators like tigers.,小さな動物はトラのような大きな捕食動物から身を守る必要がある。
669,trap,noun,1,7,わな；苦境,Don't fall into the trap of buying something just because it is on sale.,ただ安売りされているというだけで何かを買うというわなにはまってはいけない。
670,trick,noun,1,7,こつ；策略；いたずら；芸当,I know some tricks for studying effectively before the test.,私はテスト前に効果的に勉強するためのいくつかのこつを知っている。
671,fault,noun,1,7,（通例one's ～）責任；欠点；誤り,It is my fault that we are late for the concert.,私たちがコンサートに遅れたのは私の責任です。
672,discount,noun,1,7,割引,Customers with store membership can buy books at a 20 percent discount.,店の会員客は20パーセント割引で本を購入することができる。
673,bias,noun,1,7,偏見；傾向,She suspects gender bias in the company's salaries for women.,彼女は会社の女性の給料に性別による偏見があるのではないかと疑っている。
674,cooperation,noun,1,7,協力，共同,Laughter promotes cooperation and positive communication with one another.,笑いはお互いの協力と積極的な意思の疎通を促進する。
675,patent,noun,1,7,特許（権）；特許品,Edison obtained his first patent for his invention in his early twenties.,エジソンは20代前半に彼の発明に対する最初の特許を取得した。
676,dialogue,noun,1,7,対話，会話；意見の交換,The dialogue between two characters in the play was very funny.,その劇の中での2人の登場人物の会話はとてもおかしかった。
677,component,noun,1,7,構成要素；部品,Carbon is an essential component of all living cells.,炭素はすべての生細胞に不可欠な構成要素である。
678,reputation,noun,1,7,評判；名声,British food has a reputation for not being tasty.,イギリスの食べ物はおいしくないという評判がある。
679,verbal,adjective,1,7,言葉の；口頭での；動詞の,"To receive verbal messages clearly, you need good listening skills.",言葉によるメッセージをはっきりと受け取るには，すぐれた聞き取りの技能が必要である。
680,internal,adjective,1,7,内部の（⇔ external ⇒ 989）；国内の；内面的な,Some Japanese firms are making English their internal office language.,一部の日本の会社は英語を自分たちの社内言語にしつつある。
681,solid,adjective,1,7,しっかりした；硬い；固体の,"At present, we have no solid evidence of life on other planets.",目下のところ他の惑星に生物が存在するという確たる証拠はない。
682,remote,adjective,1,7,（～から）遠く離れた（from）；かけ離れた,My hometown lies remote from cities.,私の故郷は都市から離れた所にある。
683,principal,adjective,1,7,主要な；資本金の,Computer programming is his principal source of income.,コンピュータープログラミングが彼の主要な収入源である。
684,sophisticated,adjective,1,7,高性能の，精巧な；洗練された,There is a huge demand for sophisticated translation software.,高性能な翻訳ソフトに対する大きな需要がある。
685,equivalent,adjective,1,7,等しい，相当する,The price of this painting is equivalent to his month's salary.,この絵画の値段は彼の月収に相当する。
686,rational,adjective,1,7,理性的な；合理的な,"In decision-making, we should use the rational part of the mind.",決定を下すとき，私たちは精神の理性的な部分を使うべきである。
687,relevant,adjective,1,7,関係がある；適切な,The police are collecting relevant information for solving the case.,警察はその事件を解決するために関連情報を集めている。
688,absolute,adjective,1,7,絶対的な（⇔ relative 相対的な）,A car is an absolute necessity for people living in the countryside.,田舎に住んでいる人々にとって車は絶対に必要（なもの）である。
689,frequent,adjective,1,7,頻繁な,Human brains seem to be changing due to frequent use of the Internet.,人間の脳はインターネットの頻繁な使用のせいで変化しているように思える。
690,permanent,adjective,1,7,永続的な（⇔ temporary ⇒ 793）,The accident caused permanent damage to the man's back.,その事故はその男性の背中に永続的な損傷を与えた。
691,intense,adjective,1,7,強烈な；熱烈な,Fear is such an intense emotion that you can feel your heart pumping fast.,恐怖は非常に強烈な感情なので，自分の心臓が速く鼓動するのを感じることができる。
692,meaningful,adjective,1,7,意味のある,He started doing volunteer activities to make his life more meaningful.,彼は人生をより意味のあるものにするためにボランティア活動をし始めた。
693,evil,adjective,1,7,邪悪な；有害な,He believes that no one would willingly commit an evil act.,だれも進んで邪悪な行為をすることはないと彼は信じている。
694,extinct,adjective,1,7,絶滅した；廃止された,Every year an increasing number of animals are becoming extinct.,毎年ますます多くの動物が絶滅している。
695,random,adjective,1,7,無作為の；手当たり次第の,The research team collects their samples using random selection.,その研究チームは無作為抽出を使ってサンプルを集める。
696,raw,adjective,1,7,生の；未加工の,She has never eaten raw fish.,彼女は一度も生魚を食べたことがない。
697,rude,adjective,1,7,無礼な（⇔ polite 礼儀正しい）；粗野な,To talk without making any eye contact is a rude behavior.,アイコンタクトをまったくせずに話をすることは無礼な行為である。
698,mere,adjective,1,7,単なる，ほんの,"He is a mere child, so he said some silly things.",彼はほんの子供なのでばかげたことを言った。
699,tropical,adjective,1,7,熱帯の,She was born and brought up in a tropical country.,彼女は熱帯の国で生まれ育った。
700,forth,adverb,1,7,前へ，先へ；それ以降,"When you read, your eyes move back and forth across a sentence.",本を読むとき，目はセンテンスの上を前後に動く。
701,possess,verb,1,8,を所有している；の心をとらえる,He possesses the ability to distinguish good wine from bad wine.,彼はいいワインと悪いワインを見分ける能力を持っている。
702,dominate,verb,1,8,を支配する；（～より）優勢である（over）,"In Italy and Spain, immigration issues have begun to dominate politics.",イタリアとスペインでは移民問題が政治を支配し始めている。
703,guarantee,verb,1,8,を保証する,The book's popularity guaranteed the success of the film version.,その本の人気は映画版の成功を保証した。
704,melt,verb,1,8,溶ける；なごむ；を溶かす,Metal melts at a certain temperature.,金属はある温度で溶ける。
705,embarrass,verb,1,8,に恥ずかしい思いをさせる,We need not be embarrassed about what we don't know.,私たちは知らないことについて恥ずかしい思いをする必要はない。
706,discourage,verb,1,8,（人）にやる気をなくさせる；を落胆させる（⇔ encourage ⇒ 30）,Low interest rates discourage people from putting money in a bank.,低金利は人々に銀行に預金する気をなくさせる。
707,detect,verb,1,8,を感知する；を見つけ出す；に気づく,A smoke alarm is used to detect a fire.,煙探知器は火事を感知するのに使われる。
708,devote,verb,1,8,をささげる,She has devoted a lot of her time to the team's project.,彼女は自分の時間の多くをチームのプロジェクトにささげてきた。
709,urge,verb,1,8,に（強く）促す；を強く主張する；を駆り立てる,The doctor urged the patient to stop eating sweets.,医師は患者に甘い物を食べるのをやめるように促した。
710,lend,verb,1,8,を貸す（⇔ borrow を借りる）；（人）に（助言・援助など）を与える,He was kind enough to lend me some money.,彼は親切にも私にいくらかのお金を貸してくれた。
711,restrict,verb,1,8,を制限する,The Netherlands restricted the use of drugs on farm animals.,オランダは家畜に対する薬品の使用を制限した。
712,isolate,verb,1,8,を孤立させる,The country has isolated itself from the rest of the world.,その国は世界の他の国々から自ら孤立した。
713,accompany,verb,1,8,に同行する；に付随する,The secretary always accompanies the president on business trips.,出張の際，その秘書は常に社長に同行する。
714,exhaust,verb,1,8,を疲れ果てさせる；を使い尽くす；排気する,She was exhausted from walking all day.,彼女は一日中歩いて疲れ果てた。
715,annoy,verb,1,8,を悩ます；（受身形で）腹が立つ,Linda annoys me by telling me her frequent complaints.,リンダは頻繁に不平を言って私を悩ます。
716,endanger,verb,1,8,を危険にさらす,Water pollution can endanger people's health.,水質汚染は人々の健康を危険にさらす可能性がある。
717,acknowledge,verb,1,8,（事実など）を認める（≒ admit ⇒ 406）；に謝意を表す,Stephen found it difficult to acknowledge his mistakes.,スティーブンは自らの過ちを認めるのが難しいことに気づいた。
718,admire,verb,1,8,に（～のことで）敬服［感心］する（for）,I admire the poet for his unique description of human existence.,私は人間存在に関する特異な描写ゆえにその詩人に敬服する。
719,evaluate,verb,1,8,を評価する；を査定する,Teachers should evaluate a student's ability from multiple aspects.,教師は多くの側面から学生の能力を評価するべきである。
720,declare,verb,1,8,を宣言する；を申告する,The corporation declared that they will enter the space industry.,その企業は宇宙産業へ参入することを宣言した。
721,secure,verb,1,8,を確保する；を守る,The government has secured a new source of water for its people.,政府は国民のために新しい水源を確保した。
722,specialize,verb,1,8,専門とする；（英）（～を）専攻する（in）（≒ （米）major）,His company specializes in the importing of medical equipment.,彼の会社は医療機器の輸入を専門に扱う。
723,attribute,verb,1,8,（結果など）を（～に）帰する（to）,He attributed his success in business to good luck.,彼はビジネスでの成功を幸運のおかげと考えた。
724,pretend,verb,1,8,（の）ふりをする,She closed her eyes and pretended to be asleep.,彼女は目を閉じて眠っているふりをした。
725,bury,verb,1,8,を埋める；を埋葬する；を隠す,The students buried time capsules in a corner of the school grounds.,生徒たちは校庭の一角にタイムカプセルを埋めた。
726,reverse,verb,1,8,を逆転させる；を反対にする,He got angry and reversed his attitude completely.,彼は怒って完全に態度を逆転させた。
727,resist,verb,1,8,に抵抗する；（通例否定文で）を我慢する,Some countries are resisting the current trend toward free trade.,自由貿易に向かう現在の傾向に抵抗している国もある。
728,scare,verb,1,8,をおびえさせる；を脅す,The nightmares that she has been having lately scared her.,彼女が最近見ている悪夢が彼女をおびえさせた。
729,imitate,verb,1,8,をまねる；を模造する,Children imitate the actions of others.,子供は他人の行動をまねる。
730,assist,verb,1,8,（を）援助する；を手伝う,There are many government programs for assisting the elderly.,高齢者を援助する政府の施策はたくさんある。
731,resemble,verb,1,8,に似ている,She resembles her mother in appearance.,彼女は外見が母親に似ている。
732,retire,verb,1,8,（～から）引退する，退職する（from）；退く,He retired from his company at the age of 70.,彼は70歳で会社を退職した。
733,neglect,verb,1,8,をおろそかにする，怠る；を無視する,"When we are busy, we tend to neglect our health.",私たちは忙しいとき，健康をおろそかにする傾向がある。
734,collapse,verb,1,8,崩壊する；（人が）倒れる；を折り畳む,"If selfishness were seen everywhere, public order would collapse.",わがままが至る所で見られるようになったら，社会秩序は崩壊するだろう。
735,reform,verb,1,8,を改革する；を改心させる,Japan reformed its educational system after World War II.,日本は第二次世界大戦後に教育制度を改革した。
736,protest,verb,1,8,（に）抗議する；を主張する,He protested against the board's decision to close the Osaka office.,彼は大阪支社をたたむという役員会の決定に抗議した。
737,owe,verb,1,8,に借りがある；のおかげである,I know I owe you $30 in total.,私はあなたに全部で30ドルの借りがあることはわかっている。
738,sustain,verb,1,8,を持続させる；を支える,"The brain, heart and lungs are the vital organs for sustaining human life.",脳，心臓，肺は人間の生命を持続させる必須器官である。
739,assign,verb,1,8,を割り当てる；（～に）配属する（to）,University professors often assign their students group work activities.,大学の教授はよく自分の学生に共同作業活動を割り当てる。
740,accomplish,verb,1,8,を成し遂げる,The robot accomplished the task without any help from humans.,そのロボットは人間のいっさいの助けなしでその作業を成し遂げた。
741,wisdom,noun,1,8,知恵；賢明さ；学識,"In America, the owl is the symbol of wisdom.",アメリカでは，フクロウは知恵の象徴である。
742,literacy,noun,1,8,読み書きの能力；（特定分野の）知識,Literacy rates vary considerably from country to country.,識字率は国によってかなり異なる。
743,heritage,noun,1,8,遺産,Mt. Fuji was registered as a World Heritage in 2013.,富士山は2013年に世界遺産に登録された。
744,mission,noun,1,8,使命；（外交）使節団；布教,The research team carried out the mission to discover new plants in the jungle.,その研究チームはジャングルで新しい植物を発見するという使命を遂行した。
745,license,noun,1,8,免許（証）；許可,He had his driver's license taken away for speeding.,彼はスピード違反で運転免許を取り上げられた。
746,elite,noun,1,8,（通例the ～）（集合的に）エリート,The American economy seems to be dominated by the business elite.,アメリカ経済はビジネスエリートに支配されているように思える。
747,layer,noun,1,8,層,She made the dessert by adding layers of cake and cream.,彼女はケーキとクリームの層を重ねることでデザートを作った。
748,motor,noun,1,8,モーター；原動力,The automobile industry is developing a new electric motor.,その自動車産業は新しい電気モーターを開発中である。
749,protein,noun,1,8,たんぱく質,He keeps his muscular body by eating food high in protein.,彼はたんぱく質の多い食べ物を食べることで筋肉質の体を維持している。
750,profession,noun,1,8,職業；専門職；同業者仲間,She decided to make her hobby into her profession.,彼女は趣味を職業にすることに決めた。
751,editor,noun,1,8,編集者；編集長,He is famous as a magazine editor.,彼は雑誌編集者として有名である。
752,agent,noun,1,8,仲介者，代理人；薬剤,The travel agent asked whether I wanted to go by air or by sea.,その旅行業者は私が飛行機で行きたいのか船で行きたいのか尋ねた。
753,globe,noun,1,8,地球（≒ earth）；世界；球,The news traveled around the globe quickly.,そのニュースはすぐに世界中に広まった。
754,haven,noun,1,8,避難所，保護区；港,The non-profit shelter provides a safe haven for people in need.,非営利の保護施設は困っている人々にとって安全な避難所となる。
755,row,noun,1,8,列；（建物が並ぶ）通り,Our seats are the third and fourth from the right in the fifth row.,私たちの座席は5列目の右から3番目と4番目だ。
756,sacrifice,noun,1,8,犠牲；いけにえ,They made a great sacrifice when they came to America.,彼らはアメリカに来た際に多大な犠牲を払った。
757,means,noun,1,8,（単数・複数扱い）手段；（複数扱い）資力，収入,The major means of transportation in California are roads and highways.,カリフォルニアの主要な交通手段は一般道路と幹線道路である。
758,session,noun,1,8,集まり；（議会の）会期；（開会中の）議会,He explained how useful the workshop sessions were.,彼はその研修会がどれほど役立つかを説明した。
759,league,noun,1,8,（競技）連盟；同盟,He joined the major league at the age of 22.,彼は22歳でメジャーリーグに入った。
760,contest,noun,1,8,コンテスト，競技（会）；争い,She is going to take part in the coming speech contest.,彼女は来るスピーチコンテストに参加する予定である。
761,guard,noun,1,8,警備員；警備隊；監視，警戒,He learned how to work as a security guard.,彼は警備員として働く方法を学んだ。
762,opponent,noun,1,8,（試合・論争などの）相手；反対者,She came up against a strong opponent in the final match.,彼女は決勝戦で手ごわい相手と対戦した。
763,glance,noun,1,8,（～を）ちらっと見ること（at）,A quick glance at the map showed that we were on the right road.,地図を素早くちらっと見ることで私たちが正しい道にいることがわかった。
764,divorce,noun,1,8,離婚；分離,He got a divorce from his wife.,彼は妻と離婚した。
765,tissue,noun,1,8,（生物の）組織；ティッシュペーパー,The stimulus from the body travels through the nervous tissue to the brain.,身体からの刺激は神経組織を通って脳に行く。
766,liquid,noun,1,8,液体,Ice turns into liquid when it melts.,氷は溶けると液体に変化する。
767,inequality,noun,1,8,不平等；不公平な事柄,She was born into a time and place with terrible social inequality.,彼女はひどい社会的不平等がはびこる時代と場所に生まれた。
768,prejudice,noun,1,8,（～に対する）偏見（against）（≒ bias）,Ignorance is one of the main reasons for prejudice against foreigners.,無知は外国人に対する偏見の主な理由の1つである。
769,justice,noun,1,8,公正，正義；司法,The politician fought for justice for his country.,その政治家は自国の正義のために戦った。
770,guideline,noun,1,8,指針，ガイドライン；指導基準,Users of this Internet service must follow certain guidelines.,このインターネットサービスのユーザーは一定の指針に従わねばならない。
771,platform,noun,1,8,プラットフォーム；演壇；舞台,Platforms on social media are useful tools for making friends.,ソーシャルメディアにおけるプラットフォームは友人を作るのに役立つ手段である。
772,sector,noun,1,8,（社会・経済などの）部門，セクター；（都市内の）地域,The high-tech sector leads the national economy.,ハイテク部門は国家経済を牽引する。
773,channel,noun,1,8,チャンネル；伝達経路；海峡,Many people in the U.S. enjoy more than forty TV channels.,アメリカの多くの人は40以上のテレビチャンネルを享受している。
774,glacier,noun,1,8,氷河,The glaciers near Greenland have been melting rapidly.,グリーンランド近辺の氷河が急速に溶けてきている。
775,primate,noun,1,8,霊長目の動物,"In several ways, primates are at the top of the mammal class.",いくつかの点で，霊長目の動物は哺乳綱の頂点に位置する。
776,usage,noun,1,8,（使）用法；語法；習慣,The usage of English grammar is changing with the times.,英文法の用法は時代とともに変化している。
777,fortune,noun,1,8,財産；幸運（≒ luck）；運命,He succeeded in making a fortune by investing in oil production.,彼は石油採取に投資することで一財産を作ることに成功した。
778,correlation,noun,1,8,相互関係，相関（関係）,Many consumers believe that there is a close correlation between price and quality.,多くの消費者は，価格と品質の間には密接な相関関係があると考えている。
779,artistic,adjective,1,8,芸術的な,I envy him for his artistic gift.,私は彼の芸術的な才能をうらやましいと思う。
780,literary,adjective,1,8,文学の；文語の（⇔ colloquial 口語体の）,The professor published essays of literary criticism of modern novels.,その教授は近代小説に関する文学批評のエッセイを出版した。
781,classic,adjective,1,8,第一級の；典型的な；定番の,Emily owns a large collection of classic films and novels.,エミリーは第一級の映画と小説の大規模なコレクションを有している。
782,liberal,adjective,1,8,自由主義の；寛大な；一般教養の,Everyone knows that he is a liberal thinker.,彼が自由主義的な思想家であることはだれもが知っている。
783,concrete,adjective,1,8,具体的な（⇔ abstract ⇒ 586）；有形の,You need to provide concrete examples to support your opinion.,あなたは自分の意見の裏づけとなる具体的な例を提示する必要がある。
784,slight,adjective,1,8,わずかな；取るに足らない,I felt a slight pain in my right ankle.,私は右の足首にわずかな痛みを感じた。
785,federal,adjective,1,8,連邦（政府）の,The federal government provides aid to other countries in need.,連邦政府は困窮している他の国々に援助を提供している。
786,primitive,adjective,1,8,原始的な；未開の,Some places in the world have a primitive way of life.,世界には原始的な生活様式を保有する場所がある。
787,unfamiliar,adjective,1,8,（～に）不慣れな（with）；（～に）（よく）知られていない（to）,He was unfamiliar with the technical vocabulary used by the professor.,彼は教授の使う専門用語に不慣れだった。
788,subtle,adjective,1,8,微妙な；（気体などが）希薄な,The mother detected a subtle change in her daughter's attitude.,母親は娘の態度に微妙な変化を感じ取った。
789,plain,adjective,1,8,明らかな；平易な；飾りのない；率直な,The plain truth is that the Great Barrier Reef is in danger.,明らかな事実はグレートバリアリーフが危機的状況にあるということである。
790,marine,adjective,1,8,海の；船舶の,The sea areas surrounding the island are full of marine life.,その島の周辺海域は海洋生物に満ちている。
791,apparent,adjective,1,8,明白な；一見～らしい,You should not refuse the invitation for no apparent reason.,明白な理由なしで招待を断るべきではない。
792,reluctant,adjective,1,8,気が進まない，嫌がる（⇔ willing ⇒ 298）,He seems to be reluctant to go out and try new things.,彼は外に出て新しいことに挑戦するのに気が進まないようである。
793,temporary,adjective,1,8,一時的な（⇔ permanent ⇒ 690）,Eating salty food may cause a temporary increase in blood pressure.,塩辛い食品を食べることが血圧の一時的上昇を引き起こすこともある。
794,guilty,adjective,1,8,罪悪感のある；（～について）有罪の（of）,Rebecca felt guilty about lying to her friend.,レベッカは友人にうそをついていることで気がとがめた。
795,royal,adjective,1,8,王の,Each member of the royal family has official duties to do.,王室の各人が行うべき公務を抱えている。
796,pure,adjective,1,8,純粋な；潔白な；まったくの,He gave her a pure gold necklace for her birthday.,彼は彼女の誕生日に純金のネックレスをプレゼントした。
797,incredible,adjective,1,8,信じられない；すばらしい,It is incredible that he refused the bank's financial support.,彼が銀行からの資金援助を断ったとは信じられない。
798,eager,adjective,1,8,（～を）熱望して（for）；熱心な,Many visitors to New York are eager to go to Broadway musicals.,ニューヨークを訪れる多くの人は，ブロードウェイミュージカルをしきりに見に行きたがる。
799,adequate,adjective,1,8,十分な；適切な（⇔ inadequate 不適切な）,The school has an adequate number of teachers for the students.,その学校は，生徒に対して十分な数の教師がいる。
800,via,preposition,1,8,～経由で；～の媒介で,The opening ceremony of the Olympics will be broadcast via satellite.,オリンピックの開会式の模様は衛星経由で放送される。
801,assess,verb,2,9,を評価する；を査定する,Most high schools use testing to assess their students' achievements.,たいていの高校は生徒の成績を評価するのにテストを利用する。
802,approve,verb,2,9,賛成する；を承認する,Jane's parents approved of her studying abroad.,ジェーンの両親は彼女の海外留学に賛成した。
803,remark,verb,2,9,と述べる；（～について）意見を述べる（on / upon）,My friend remarked that she was amazed by the fireworks.,私の友人は花火に驚嘆したと言った。
804,pose,verb,2,9,（危険）を引き起こす；（問題など）を提起する；ポーズをとる；（～を）装う（as）,Heat waves pose a great health risk to elderly people.,熱波は高齢者に大きな健康上のリスクを引き起こす。
805,yield,verb,2,9,をもたらす；を（～に）譲る（to）；（～に）屈する（to）,The manager's brave decision yielded unexpected results.,その経営者の勇気ある決断は思いがけない結果をもたらした。
806,exhibit,verb,2,9,を示す，見せる；を展示する,Japanese honeybees exhibit a unique defensive behavior.,日本ミツバチは独特の防御的行動を示す。
807,distribute,verb,2,9,を（～に）分配する（to）；（受身形で）分布する,Many charities distribute food to victims in disaster areas.,多くの慈善事業は被災地で被災者に食料を分配する。
808,command,verb,2,9,を命じる；を指揮する；（景色）を見渡せる,The opera conductor commanded the chorus to sing more in harmony.,オペラの指揮者は合唱隊にもっと音を合わせて歌うように命じた。
809,occupy,verb,2,9,（空間・時間）を占める；を占領する,New employees tend to occupy the lowest positions in the office.,新入社員は職場で最も低い地位を占める傾向にある。
810,pop,verb,2,9,ひょいと動く；不意に現れる；ポンとはじける,He popped into a convenience store to buy a cup of coffee.,彼はコーヒーを1杯買うためにコンビニにひょいと入った。
811,pile,verb,2,9,を積み重ねる；積み重なる,She piled up the plates and put them on the shelf.,彼女は皿を積み重ねてそれらを棚に置いた。
812,greet,verb,2,9,に挨拶する；を迎える,He always greets his neighbors in a friendly way.,彼はいつも親しげに隣人たちに挨拶する。
813,apologize,verb,2,9,（～に；～のことで）謝る（to；for）；弁明する,You should apologize to him for what you have done.,あなたは自分のしたことを彼に謝るべきだ。
814,frustrate,verb,2,9,をいら立たせる；（計画・希望など）を挫折させる,She was frustrated by people's selfish behavior on the crowded train.,彼女は混雑した電車で人々の自分勝手な行動にいら立った。
815,relieve,verb,2,9,を和らげる；（受身形で）（…して）安心する（to do）；を解放する,She sings her favorite karaoke songs to relieve stress.,彼女はストレスを和らげるために大好きなカラオケの歌を歌う。
816,derive,verb,2,9,由来する；を引き出す；を推論する,I didn't know that the word derives from Greek.,私はその単語がギリシャ語に由来することを知らなかった。
817,deserve,verb,2,9,に値する,She deserves to be praised for trying her best in the competition.,彼女は競技会で最善を尽くしたことで賞賛されるに値する。
818,peer,verb,2,9,（～を）じっと見る（at / into）,Christine stood on the hilltop and peered into the distance.,クリスティーンは丘の頂上に立ち遠くをじっと見た。
819,defeat,verb,2,9,を負かす（≒ beat）；を失敗させる,The AI computer defeated the world's best chess player.,そのAIコンピューターは世界最高のチェス選手を打ち負かした。
820,convert,verb,2,9,を変える；を改宗［転向］させる；を交換する,The city plans to convert the library into an art gallery.,市はその図書館を美術館に変えることを計画している。
821,wed,verb,2,9,と結婚する；を（～と）結婚させる（to）,Prince William wed Catherine Middleton at Westminster Abbey.,ウィリアム王子はウェストミンスター寺院でキャサリン・ミドルトンと結婚した。
822,delight,verb,2,9,を喜ばせる；（～を）大いに喜ぶ（in）,Walt Disney delighted many people with his attractive stories.,ウォルト・ディズニーは彼の作る魅力的な物語で多くの人々を喜ばせた。
823,boost,verb,2,9,を高める；を増加させる,Sales of new cars helped boost the nation's economy.,新車の販売はその国の経済を押し上げる助けとなった。
824,endure,verb,2,9,に耐える（≒ put up with）；（に）持ちこたえる,This submarine can endure very high pressure.,この潜水艦はかなりの高圧に耐えることができる。
825,correspond,verb,2,9,一致する；（～に）相当する（to）；文通する,The number of players on both sides should correspond with the other.,両チームとも選手の数が相手と一致していなければならない。
826,impose,verb,2,9,を課す；を押しつける,The country wants to impose greater control on immigration.,その国は移民に対しより厳しい制限を課すことを望んでいる。
827,rescue,verb,2,9,を救う,"During the economic crisis, the government rescued some companies from bankruptcy.",経済危機の間，政府は一部の企業を倒産から救った。
828,resolve,verb,2,9,を解決する；を決意する；を議決する,The two countries found ways to resolve the political conflict.,両国は政治的対立を解決する方法を見つけた。
829,register,verb,2,9,を記録する，登録する；（～に）登録する（for）,Many parents want to register their children at day care centers.,多くの親たちは託児所に自分の子供を登録することを望んでいる。
830,interrupt,verb,2,9,を中断させる；（の）邪魔をする,Sarah interrupted my conversation with Jill.,サラは私とジルの会話を中断させた。
831,rid,verb,2,9,から（～を）取り除く，除去する（of）,The dentist got rid of the pain in my tooth.,歯科医が私の歯の痛みを取り除いた。
832,prohibit,verb,2,9,を禁止する,The new law prohibits smoking in all restaurants.,新しい法律はすべてのレストランでの喫煙を禁止している。
833,compose,verb,2,9,を構成する；を創作する；を鎮静する,The committee is composed of six experts in different fields.,委員会は異なる分野の6人の専門家から成る。
834,misunderstand,verb,2,9,（を）誤解する,A coworker had misunderstood her instructions and made a mistake.,同僚が彼女の指示を誤解し，間違いを犯した。
835,punish,verb,2,9,を罰する；に損傷を与える,The student was punished for his poor behavior.,その生徒は不品行で罰せられた。
836,ruin,verb,2,9,をだめにする；を破滅させる；破滅する,The long heavy rain completely ruined our holiday.,激しい長雨が私たちの休日を完全に台無しにした。
837,defend,verb,2,9,を防御する；を弁護する,Every country has the right to defend itself against a military attack.,どの国も軍事攻撃から自国を防御する権利を有している。
838,embrace,verb,2,9,を受け入れる；（を）抱擁する；を包含する,Freedom of expression will lead people to embrace diversity.,表現の自由は人々を多様性を受け入れる方向に導く。
839,modify,verb,2,9,を修正する；を緩和する,The man modified the car's engine to make it go faster.,その男性はもっと速く走らせるためにその車のエンジンを改造した。
840,qualify,verb,2,9,（人）に資格を与える；資格がある,His excellent performance in the exams qualified him for a scholarship.,試験での彼の見事な成績は彼に奨学金の資格を与えた。
841,passion,noun,2,9,情熱；熱中；激怒,His passion for skateboarding is such that he practices it every day.,スケートボードに対する彼の情熱は相当なもので，彼は毎日その練習をしている。
842,enthusiasm,noun,2,9,（～への）熱情，熱意（for）,Her enthusiasm for the job made up for her lack of experience.,彼女の仕事への熱意は自らの経験不足を補った。
843,phase,noun,2,9,段階，局面；側面,The discussions are currently entering a new phase.,議論は現在新たな局面に入っている。
844,mode,noun,2,9,方式；気分；形態；流行,Young Japanese today are used to Western modes of thought.,今日の日本の若者は西洋流の思考方式に慣れている。
845,span,noun,2,9,期間；範囲,Good diet is important for lengthening our life span.,体によい食事は私たちの寿命を延ばすのに重要である。
846,gravity,noun,2,9,重力，引力；重量；重大さ,Newton's theory of gravity was greatly influenced by Kepler's ideas.,ニュートンの重力理論はケプラーの考えに大きな影響を受けた。
847,orbit,noun,2,9,軌道；（活動・勢力などの）範囲,The telecommunications satellite went into orbit around the earth.,その通信衛星は地球を回る軌道に乗った。
848,asteroid,noun,2,9,小惑星（≒ minor planet）；ヒトデ（＝ starfish）,Scientists are planning to capture an asteroid orbiting around Mars.,科学者は火星周辺の軌道を回る小惑星をとらえる計画を立てている。
849,core,noun,2,9,核心；芯,His speech mentioned the core of the problem.,彼の演説は問題の核心に触れた。
850,soul,noun,2,9,精神；魂，霊魂；生気,They say that music is good for the soul.,音楽は精神によいと言われる。
851,nerve,noun,2,9,神経；（～s）神経過敏；（…する）度胸（to do）,She happened to cut a nerve in her finger while cooking.,彼女は料理中に指の神経を切ってしまった。
852,infection,noun,2,9,感染（症）,The area of infection spread all over the patient's body.,感染の範囲がその患者の体中に広まった。
853,mall,noun,2,9,（主に米）モール，ショッピングセンター,She goes to the shopping mall almost every weekend.,彼女はほぼ毎週末にそのショッピングモールへ行く。
854,grocery,noun,2,9,（～ies）食料雑貨；食料雑貨店,He drives to discount stores to buy cheap groceries.,彼は安売り店に車で行き，安い食料雑貨を買う。
855,humor,noun,2,9,ユーモア；気分，機嫌；気質,He is an American and is new to the British sense of humor.,彼はアメリカ人で，イギリス人のユーモアのセンスになじみがない。
856,instinct,noun,2,9,本能；勘，直感；（自然に起こる）衝動,Pigeons know by instinct how to return to their places of birth.,ハトは本能的に生まれた場所への帰り方を知っている。
857,faith,noun,2,9,（～への）信頼（in）；信仰（心）,The company's workers all expressed faith in their president.,その会社の社員全員が社長への信頼を示した。
858,courage,noun,2,9,勇気,The key to success lies in the courage of not giving up hope.,成功のかぎは希望を捨てない勇気にある。
859,incentive,noun,2,9,動機（づけ）；報奨金,Students need a clear incentive to study.,生徒たちは勉強するための明らかな動機づけを必要とする。
860,prospect,noun,2,9,見込み；（～s）（未来への）展望；有望な人,There is not much prospect that the world economy will improve this year.,今年世界経済が上向く見込みはあまりない。
861,obstacle,noun,2,9,（～に対する）障害（物）（to）,Tradition is often an obstacle to development.,伝統はしばしば進歩に対する障害となる。
862,architecture,noun,2,9,建築；建築様式；構造,"In Prague, you can see various styles of architecture.",プラハではさまざまな建築様式を見ることができる。
863,stem,noun,2,9,（草木の）茎，幹,Water moves through the stems and leaves of the plants.,水分は植物の茎や葉の中を通って移動する。
864,illusion,noun,2,9,錯覚，思い違い；幻想,Some people think that freedom may be an illusion.,自由とは錯覚かもしれないと考える人がいる。
865,discrimination,noun,2,9,（～に対する）差別（against）；区別,It is necessary to deal with discrimination against women.,女性に対する差別に取り組むことが必要である。
866,shame,noun,2,9,恥；残念なこと,Shame is a negative feeling towards oneself.,恥は自分自身に対する否定的な感情である。
867,drought,noun,2,9,干ばつ；（慢性的な）不足,A drought can destroy crops and damage the livelihoods of farmers.,干ばつは作物を台無しにし農家の人々の生活手段に損害を与えかねない。
868,flavor,noun,2,9,風味；特色,Cooking can bring out the natural flavor of vegetables.,料理は野菜の自然の風味を引き出し得る。
869,portion,noun,2,9,部分；1人前；割り当て,A large portion of the United States population reads e-books.,アメリカ国民の大部分が電子書籍を読む。
870,recipe,noun,2,9,調理法，レシピ；手順；秘訣,The recipe for this dish is not easy to prepare at home.,この料理のレシピは家で準備するのが簡単ではない。
871,luxury,noun,2,9,ぜいたく（品）；（形容詞的に）豪華な,Many people thought of sugar as a luxury in the 1800s.,1800年代には多くの人が砂糖をぜいたく品と考えていた。
872,chip,noun,2,9,小片，破片；欠けた箇所；集積回路,The man used wood chips to build a fire.,その男性は火をおこすのに木の切りくずを使った。
873,ritual,noun,2,9,儀式；（日常の）習慣的行為,Some experts say ancient Egyptian sports were rituals that honored the dead.,古代エジプトのスポーツは死者を敬う儀式であったと言う専門家もいる。
874,sake,noun,2,9,（for the ～ of で）のために，の目的で；に免じて,I gave up smoking for the sake of my health.,私は健康のためにタバコを吸うのをやめた。
875,prefecture,noun,2,9,（日本の）県，府；（フランスなどの）県,We are going to visit all the seven prefectures in Kyushu.,私たちは九州の7県すべてを訪れる予定である。
876,council,noun,2,9,（地方）議会；評議会；（公の）会議,The town council decided to cut down the roadside trees.,町議会は道路わきの木を切り倒すことに決めた。
877,administration,noun,2,9,管理（部）；行政；政府（機関）,The university administration has chosen to move into a new building.,大学管理部は新しいビルに移転することを選んだ。
878,curriculum,noun,2,9,教育課程，カリキュラム,"Under the new elementary school curriculum, students must study English.",新しい小学校の教育課程では，生徒は英語を勉強しなければならない。
879,precious,adjective,2,9,貴重な；高価な（≒ valuable）,Nothing is more precious than life.,命より貴重なものはない。
880,generous,adjective,2,9,寛大な；気前のよい（⇔ stingy けちな）；豊富な,The professor was generous enough to extend the deadline for the paper.,教授は寛大にもレポートの締め切りを延ばしてくれた。
881,casual,adjective,2,9,何気ない；形式ばらない,His casual remark caused us a lot of trouble.,彼の何気ない発言のせいで私たちは大変な迷惑を被った。
882,optimistic,adjective,2,9,楽観的な（⇔ pessimistic ⇒ 1593）,She feels optimistic about her future.,彼女は自分の将来に関して楽観的な気持ちだ。
883,rough,adjective,2,9,粗い；大まかな；乱暴な,The rough skin on his face is caused by many years of working outdoors.,彼の顔の荒れた肌は長年の屋外での仕事が原因である。
884,unpleasant,adjective,2,9,不愉快な；不親切な，無礼な,An unpleasant experience may be caused by your actions.,不愉快な経験はあなたの行動によって引き起こされるかもしれない。
885,Arctic,adjective,2,9,北極の（⇔ Antarctic 南極の）,Arctic ice may disappear in the future due to global warming.,北極の氷は地球温暖化のせいで将来消滅するかもしれない。
886,ultimate,adjective,2,9,究極の,Having a long life is the ultimate goal for many people.,多くの人にとって長生きすることは究極の目標である。
887,deaf,adjective,2,9,耳が聞こえない（≒ hard of hearing）,She is learning sign language to communicate with deaf people.,彼女は耳が聞こえない人と意思疎通を図るために手話を学んでいる。
888,genuine,adjective,2,9,"本物の（≒ authentic ⇒ 1580, real）；偽りのない",This bag is made from genuine leather.,このかばんは本物の革でできている。
889,manual,adjective,2,9,体［手］を使う；手の；手動式の,More manual laborers may be needed in Japan in the future.,将来日本では，より多くの肉体労働者が必要になるかもしれない。
890,mechanical,adjective,2,9,機械の；機械的な,Our flight to Sydney has been delayed due to mechanical problems.,私たちの乗るシドニー便は機械の問題のために遅れている。
891,instant,adjective,2,9,即時の，すぐの；即席の,They can talk to their children via e-mail and instant messaging.,Eメールやインスタントメッセージ機能を通じて彼らは自分の子供たちと話すことができる。
892,spare,adjective,2,9,余分の，予備の,It isn't always easy to decide how to spend your spare time.,自分の余暇をどう過ごすかを決めるのは必ずしも簡単ではない。
893,immune,adjective,2,9,（～に対して）免疫を持つ（to）；（～を）免れた（from）,The immune system uses a variety of white blood cells to fight disease.,免疫系は病気と闘うのに種々の白血球を使う。
894,harsh,adjective,2,9,厳しい；（光・色・味などが）不快な,Polar bears are perfectly adapted to live in their harsh environment.,ホッキョクグマは自らの厳しい環境で生息するのに完全に適応している。
895,collective,adjective,2,9,集団の，共同の,Collective and individual thinking are influenced by language.,集団の思考や個人の思考は言語に影響される。
896,inevitable,adjective,2,9,避けられない,Some people believe that global warming is inevitable.,地球温暖化は避けられないと思っている人もいる。
897,profound,adjective,2,9,重大な；深い；難解な,The poetry she read had a profound impact on her life.,彼女が読んだ詩は彼女の人生に重大な影響を及ぼした。
898,steady,adjective,2,9,着実な，一定の；安定した,Our economy is recovering at a steady pace.,我が国の経済は着実なペースで回復しつつある。
899,mature,adjective,2,9,成熟した（⇔ immature 未熟な）；熟した,The child was regarded as mature for his age.,その子供は年齢のわりに成熟していると見なされた。
900,likewise,adverb,2,9,同様に（≒ in the same way）,Other people would do likewise in this kind of situation.,この種の状況においてはほかの人々も同じようにするだろう。
901,chase,verb,2,10,（を）追跡する；（を）追求する,The police chased the criminals running from the bank.,警察は銀行から逃げている犯人たちを追跡した。
902,sue,verb,2,10,を告訴する；（～を求めて）訴訟を起こす（for）,The customer is suing the company for the mistake in the order.,その顧客は注文での間違いのかどでその会社を訴えている。
903,gaze,verb,2,10,じっと見る,"Deep in thought, he continued to gaze at the ocean.",思いにふけって，彼は海をじっと見続けた。
904,slip,verb,2,10,滑る；滑り落ちる；そっと動く,He got injured when he slipped on ice on the street.,彼は氷の上を滑ったとき，腕の骨を折った。
905,load,verb,2,10,に積む；に負わせる,He loaded his truck with camping gear.,彼は自分のトラックにキャンプ用品を積んだ。
906,overwhelm,verb,2,10,を圧倒する；を（精神的に）打ちのめす,She was overwhelmed by the beautiful view of the Grand Canyon.,彼女はグランドキャニオンの美しい眺めに圧倒された。
907,wander,verb,2,10,歩き回る；それる；はぐれる,She wandered around the city all day.,彼女は一日中市内を歩き回った。
908,float,verb,2,10,漂う，浮かぶ；を浮かべる,She saw a few clouds floating across the sky.,彼女はいくつかの雲が空に浮かんで流れていくのが見えた。
909,pour,verb,2,10,を注ぐ；激しく降る；押し寄せる,He poured some tea into a cup.,彼はカップに紅茶を注いだ。
910,substitute,verb,2,10,を代わりに使う；（～の）代理をする（for）,He substituted honey for sugar in the recipe.,彼はそのレシピでハチミツを砂糖の代わりに使った。
911,pronounce,verb,2,10,を発音する；を宣言する,Learning how to read helps children pronounce words better.,読み方を学ぶことは，子供がもっと上手に言葉を発音する助けとなる。
912,shrink,verb,2,10,縮む，縮小する；減少する；ひるむ,His wool sweater shrank in the dryer.,彼のウールのセーターは乾燥機で縮んだ。
913,restore,verb,2,10,を回復させる；を修復する,The government promised to restore the economy to a healthy state.,政府は経済を健全な状態に回復させると約束した。
914,trigger,verb,2,10,を引き起こす；のきっかけとなる,Heavy rain triggered a sudden flood in the village.,大雨がその村で突然の洪水を引き起こした。
915,grab,verb,2,10,をつかむ；を横取りする；を急いで食べる,She grabbed the handrail to stop herself from falling.,彼女は倒れないように手すりをつかんだ。
916,retain,verb,2,10,を保持する；を覚えている,My father has retained the same body strength since his twenties.,私の父は20代のころから同じ体力を保持している。
917,reproduce,verb,2,10,を複製する；を繁殖させる；繁殖する,The museum reproduced some of its famous paintings on postcards for sale.,その美術館は有名な絵画のいくつかを販売用のはがきに複製した。
918,bob,verb,2,10,上下に動く；急に動く；を上下に動かす,The little boat bobbed gently up and down on the water.,小舟が水面で穏やかに上下した。
919,entertain,verb,2,10,を楽しませる；をもてなす,Hollywood movies have entertained audiences around the world for years.,ハリウッド映画は長年にわたって世界中の観客を楽しませてきた。
920,interfere,verb,2,10,干渉する，介入する；邪魔する,The church should not interfere in politics.,教会は政治に干渉するべきではない。
921,cultivate,verb,2,10,を養う；を耕す；を栽培する,Her doctor advised her to cultivate healthier lifestyle habits.,主治医は彼女にもっと健康的な生活習慣を養うように忠告した。
922,underlie,verb,2,10,の根底にある,Economic issues underlie negotiations between the two countries.,経済問題が両国間の交渉の根底にある。
923,anticipate,verb,2,10,を予期する；楽しみに待つ,They anticipate a bright future for their only son.,彼らは一人息子に明るい将来を期待している。
924,justify,verb,2,10,を正当化する,"In the hearing, the politician justified her actions.",聴聞会でその政治家は自分の行動を正当化した。
925,regulate,verb,2,10,を規制する；を調整する,Europe has made efforts to regulate content on the Internet.,ヨーロッパはインターネット上のコンテンツを規制するための努力をしてきた。
926,scan,verb,2,10,を走査（スキャン）する；をざっと見る；を注意深く調べる,The doctor scanned the patient's body using a machine.,医師は機械を使って患者の体をスキャンした。
927,classify,verb,2,10,を分類する；を機密扱いにする,The books are classified according to the authors' names.,本は作家の名前に従って分類されている。
928,submit,verb,2,10,を提出する；（submit oneselfで）（～に）従う（to）,He submitted the paper to his teacher a few days early.,彼は数日早く先生に論文を提出した。
929,pause,verb,2,10,（一時的に）中止する；（一瞬）立ち止まる,The speaker paused to drink from a glass of water.,その演説者はコップの水を飲むために話を中断した。
930,lean,verb,2,10,傾く；寄りかかる；をもたせかける,"After the storm, I saw that my house's fence was leaning slightly.",嵐の後，その木は右に傾いた。
931,bump,verb,2,10,ぶつかる；をぶつける,She nearly bumped into a man who was walking using a smartphone.,彼女はスマートフォンを使いながら歩いていた男性にあやうくぶつかりそうになった。
932,fold,verb,2,10,を折り畳む；（両腕）を組む；（折り）畳める,She is very good at folding clothes.,彼女は衣服を畳むのがとてもうまい。
933,hesitate,verb,2,10,躊躇する，ためらう,Many people hesitate to contact someone by phone these days.,最近，彼らは新車を買うことをためらっている。
934,pump,verb,2,10,（液体・気体）をポンプで送り込む；をくみ出す；を注ぎ込む,This device is used to pump oxygen into a patient's body.,この装置は患者の体の中に酸素を送り込むのに用いられる。
935,mount,verb,2,10,を据えつける；に着手する；（自転車など）に乗る；増える,He mounted his country's flag on the wall of his living room.,彼は自国の旗を居間の壁に据えつけた。
936,exceed,verb,2,10,を超える；に勝る,His income exceeds ten million yen a year.,"彼の所得は年間1,000万円を超える。"
937,undergo,verb,2,10,を経験する；（手術など）を受ける；に耐える,"After the war, our country underwent many social changes.",戦後，日本経済は劇的な変化を経験した。
938,confront,verb,2,10,に立ち向かう；（困難などが）に立ちはだかる,We have to confront the problem of the declining birthrate.,私たちは少子化問題に立ち向かわなくてはならない。
939,consult,verb,2,10,（に）相談する；を参照する,The political candidate consulted his adviser about an election campaign.,その立候補者は選挙運動について顧問に相談した。
940,fulfill,verb,2,10,を実現させる；を果たす；を満たす,She was given a chance to fulfill her dream.,彼女は自分の夢を実現させる機会を与えられた。
941,privilege,noun,2,10,特権，特典,Intelligence is not the privilege of the human species alone.,知能は人類だけの特権ではない。
942,formation,noun,2,10,形成；構成（物）；隊列,There are a lot of theories about the formation of the universe.,宇宙の形成に関して多くの理論がある。
943,dimension,noun,2,10,側面，局面；次元；寸法,The IT revolution has added a new dimension to the collection of data.,IT革命はデータ収集に新しい側面を加えた。
944,neuron,noun,2,10,ニューロン，神経単位,There is a network of neurons in the brain.,脳内にはニューロンの網状組織がある。
945,sensation,noun,2,10,感覚；大評判,"After the traffic accident, he lost all sensation in his fingers.",交通事故の後，彼は足の感覚を失った。
946,chart,noun,2,10,図，グラフ；海図；ヒットチャート,She uses charts and tables when explaining her projects.,彼女は自分の研究課題を説明するとき図や表を使う。
947,geography,noun,2,10,（the ～）地理；地理学,The geography of the country makes it easy to grow grapes.,その国の地理はブドウの栽培を容易にする。
948,panel,noun,2,10,（専門家の）一団；討論者一同；羽目板,A panel of computer experts has discussed the government's proposal.,コンピューター専門家の一団は政府の提案について議論した。
949,semester,noun,2,10,（主に米）（2学期制の）学期,She is required to take at least six classes every semester.,彼女は毎学期に少なくとも６つの授業を取ることが求められている。
950,workforce,noun,2,10,労働人口，総労働力；全従業員（数）,"In Japan, the number of people entering the workforce has been decreasing.",日本では，労働人口は将来大幅に減少すると予想されている。
951,mill,noun,2,10,製造工場；製粉所；粉ひき機,There are a lot of paper mills in Shizuoka Prefecture.,静岡県にはたくさんの製紙工場がある。
952,abuse,noun,2,10,乱用；虐待,We need to control the abuse of drugs.,私たちは薬物乱用を規制する必要がある。
953,vice,noun,2,10,（道徳上の）悪（⇔ virtue ⇒ 1078）；欠点,Smoking in a crowded place is a terrible vice.,混み合った場所での喫煙はひどい悪である。
954,fate,noun,2,10,運命；結末；最期,He believes it is his fate to marry his girlfriend.,彼はガールフレンドと結婚することは自分の運命だと信じている。
955,tragedy,noun,2,10,悲劇（的な事態）（⇔ comedy 喜劇）,Tragedy struck when the hurricane hit the town.,突然の地震が町を襲ったとき，悲劇が始まった。
956,scenario,noun,2,10,（予想される）筋書き，事態；脚本,Getting bad grades at school is the worst scenario for me.,学校で悪い成績を取ることが私にとって最悪の事態である。
957,allergy,noun,2,10,アレルギー,No one knows why food allergies are on the increase.,なぜ花粉症のアレルギーを持つ人の数が増えているのか，多くの科学者が不思議に思っている。
958,wound,noun,2,10,（銃弾・刃物などによる）傷；痛手,His old wounds still ache in cold weather.,彼の古傷は今でも寒い天候のときに痛む。
959,antibiotic,noun,2,10,（通例～s）抗生物質,Bacteria may sometimes develop resistance to antibiotics.,細菌はときには抗生物質に対する耐性を発達させることがある。
960,vaccine,noun,2,10,ワクチン,Many research projects are trying to find an effective HIV vaccine.,多くの研究プロジェクトが効果的なHIVワクチンを発見しようとしている。
961,metaphor,noun,2,10,隠喩；比喩,"A ""salad bowl"" is a metaphor often used to describe American society.",「サラダボウル社会」はアメリカ社会を表現するのによく使われる隠喩である。
962,folk,noun,2,10,人々；（～s）皆さん；（one's ～s）家族,"Today, young folks are listening to music influenced by classic jazz.",今日，若い人々はクラシックジャズの影響を受けた音楽を聞いている。
963,fare,noun,2,10,（乗り物の）料金,"In Japan, you can use IC cards to pay for train and bus fares.",日本では，バスの運賃は距離によって異なる。
964,transition,noun,2,10,移り変わり；過渡期,"Eventually, there will be a transition to self-driving cars.",ゆくゆくは，電気自動車への移行が完了するだろう。
965,maximum,noun,2,10,最大限（⇔ minimum ⇒ 653）,The maximum I can afford for rent is $500 per month.,私が家賃に支払える最大限は月に500ドルだ。
966,galaxy,noun,2,10,星雲，銀河；（the G～）銀河系,Stars from other galaxies are hard to see with the naked eye.,他の星雲の星は肉眼では見えにくい。
967,mineral,noun,2,10,鉱物；ミネラル,Hot spring waters often contain minerals such as iron.,温泉水は鉄のような鉱物を含むことが多い。
968,skeleton,noun,2,10,骨格；骨組み；概略,The human skeleton is made up of more than 200 bones.,人間の骨格は200以上の骨から成っている。
969,counterpart,noun,2,10,相当する物（人）,The Japanese emperor is the counterpart to the British queen.,日本の天皇はイギリスの女王に相当する存在である。
970,stroke,noun,2,10,脳卒中；（ボールを）打つこと；（雷などの）一撃,He cannot move his left arm due to a stroke.,彼は脳卒中のせいで左腕を動かすことができない。
971,pedestrian,noun,2,10,歩行者,A pedestrian was hit by a car when he was crossing the street.,道路を渡っていたとき，歩行者が車にはねられた。
972,trail,noun,2,10,（野山などの）小道；跡；手がかり,Be sure to stay on the hiking trail for your own safety.,自身の安全のために決してハイキング用の小道からはずれないでください。
973,ecology,noun,2,10,生態学；生態系；環境保護,He is going to study natural science and become an expert on ecology.,彼らは熱帯雨林の生態系を研究し，生物多様性の重要性を強調している。
974,sibling,noun,2,10,きょうだい（の1人）,The bond between siblings will likely become stronger in later life.,きょうだい間の絆はおそらく晩年に強まるだろう。
975,ratio,noun,2,10,比率,The ratio of patients to nurses in this hospital is 7 to 1.,この病院の患者と看護師の比率は7対1である。
976,mixture,noun,2,10,混合（物）,Japan has a nice mixture of traditional and modern buildings.,日本には伝統的な建物と現代的な建物の見事な混合がある。
977,charm,noun,2,10,魅力；お守り,"Nara, famous for its Great Buddha, still retains its ancient charm.",奈良は，日本の昔ながらの魅力に満ちている。
978,ambition,noun,2,10,（～に対する）願望，野望（for）；野心,He finally achieved his ambition of competing in the Olympic games.,彼はついにオリンピックで競うという願望を達成した。
979,prominent,adjective,2,10,卓越した；目立つ,She is a prominent researcher in the field of science.,彼女は科学分野において卓越した研究者である。
980,radical,adjective,2,10,急進的な；根本的な,Radical candidates can sometimes be elected.,急進的な候補者がときどき当選される可能性がある。
981,prompt,adjective,2,10,即座の，迅速な,She surprised us with her prompt response.,彼女は迅速な応答で私たちを驚かせた。
982,informal,adjective,2,10,形式ばらない，略式の（⇔ formal 正式の）；（言葉が）くだけた,"At the party, he spoke in a friendly, informal way.",パーティーで，彼は友好的で形式ばらない話し方をした。
983,mutual,adjective,2,10,相互の；共通の,Mutual respect is the key to a successful relationship.,相互の尊重がうまくいく関係のかぎである。
984,neutral,adjective,2,10,中立の；（特徴・表情などが）はっきりしない,She always adopts a neutral position in a debate.,彼女は討論でいつも中立の立場をとる。
985,alert,adjective,2,10,警戒して；敏速な,The police officers are now alert to the rising crime in the area.,警官たちはその地域で増加している犯罪に対し現在警戒している。
986,magnetic,adjective,2,10,磁気の；磁石の；人を引きつける,The Earth has a magnetic field which gives it protection.,地球には地球を保護している磁場がある。
987,polar,adjective,2,10,極地の；電極の,Penguins are well adapted to the environment in the polar regions.,ペンギンは極地の環境にうまく順応している。
988,fluent,adjective,2,10,流ちょうな,Ken is fluent both in English and Japanese.,ケンは英語と日本語の両方が流ちょうである。
989,external,adjective,2,10,外部の（⇔ internal ⇒ 680）；対外的な,A submarine is designed to resist strong external pressure.,潜水艦は強度の外圧に耐えるように設計されている。
990,passive,adjective,2,10,受動的な；消極的な,Young children are generally passive receivers of knowledge.,幼児はたいてい知識の受動的な受け手である。
991,awful,adjective,2,10,ひどい；嫌な；ものすごい,"Gradually, I came to realize the awful truth about my boss.",徐々に，この地域の人々はひどい飢きんに苦しむようになった。
992,unrelated,adjective,2,10,無関係の；血縁関係がない,His disease is unrelated to his eating habits.,彼の病気は彼の食習慣とは無関係である。
993,cruel,adjective,2,10,残酷な；むごい,The guards were cruel to the prisoners during the war.,捕虜監視員は戦争中捕虜に対して残酷であった。
994,fake,adjective,2,10,偽の；見せかけだけの,We should create laws against using fake online accounts.,私たちは偽のオンラインアカウントの使用を禁じる法律を作るべきである。
995,vulnerable,adjective,2,10,（攻撃などに）弱い，もろい；傷つきやすい,Some power plants are vulnerable to hacking.,コンピューターへの不法侵入に弱い発電所もある。
996,urgent,adjective,2,10,緊急の,The aging of the population is an urgent issue for us to tackle.,人口の高齢化は私たちが取り組むべき緊急の課題である。
997,spiritual,adjective,2,10,精神の（⇔ material ⇒ 73）；霊的な,Music brings us a sense of spiritual well-being.,音楽は私たちに精神的に健康だという感覚をもたらす。
998,modest,adjective,2,10,謙虚な（≒ humble）；適度な；質素な,He always shows a modest attitude towards everyone.,彼はだれに対しても常に謙虚な態度を示す。
999,keen,adjective,2,10,熱心な；鋭敏な；（感情・関心などが）強い,He is keen to gather information about the new company.,彼はその新会社に関する情報を集めるのに熱心である。
1000,nonetheless,adverb,2,10,それにもかかわらず，それでもなお（≒ nevertheless）,She is over sixty but sings beautifully nonetheless.,彼女は60歳を超えているが，それでもなお見事に歌う。
1001,negotiate,verb,2,11,交渉する；を（交渉して）取り決める,I will negotiate with the client about the delivery date.,私が納期に関して顧客と交渉します。
1002,grasp,verb,2,11,を把握（理解）する；をしっかり握る,The children were able to grasp the new ideas from the lesson.,子供たちはその課に出てきた新しい考えを理解することができた。
1003,donate,verb,2,11,を寄付する；（臓器・血液）を提供する,People from many countries donate money to UNICEF.,多くの国の人がユニセフにお金を寄付する。
1004,arrest,verb,2,11,を逮捕する；を止める；（注意）を引く,The police arrested the suspect on charges of supplying drugs.,警察は麻薬を供給した罪でその容疑者を逮捕した。
1005,crack,verb,2,11,ひびが入る；にひびを入れる,The glass door cracked when the man bumped into it.,そのガラスのドアは男がそれにぶつかったときにひびが入った。
1006,tap,verb,2,11,を軽くたたく；（液体）を出す；を盗聴する,The child was repeatedly tapping the smartphone screen.,その子供はスマートフォンの画面を繰り返し軽くたたいていた。
1007,split,verb,2,11,を分割する；を分担する；分裂する,The Sudan was split into two republics in 2011.,スーダンは2011年に2つの共和国に分割された。
1008,forecast,verb,2,11,を予想（予測）する,The weather for tomorrow is forecasted to be cloudy.,明日の天気は曇りと予想されている。
1009,exclude,verb,2,11,を除外する（⇔include を含む）,Tax was excluded from the price.,税金は価格から除外されていた。
1010,overlook,verb,2,11,を見落とす；を大目に見る；を見渡す,He overlooked some important facts during his research.,彼は研究の中でいくつかの重要な事実を見落とした。
1011,burst,verb,2,11,破裂する；（～を）突然始める（into）,The bubble economy in Japan burst in the 1990s.,日本のバブル経済は1990年代に崩壊した。
1012,heal,verb,2,11,（人・傷など）を治す；治る,The therapist has healed many people with disease.,その治療士は大勢の病気にかかっている人々を治してきた。
1013,forbid,verb,2,11,を禁じる（⇔permit 許可する）,The art museum forbids visitors from taking pictures inside the building.,その美術館は来館者が館内で写真を撮ることを禁じている。
1014,install,verb,2,11,をインストールする；を設置する；を就任させる,"Yesterday, I installed some new apps on my smartphone.",昨日私はスマートフォンに新しいアプリをいくつかインストールした。
1015,diminish,verb,2,11,を減らす；減少する（≒decrease）,The counselor taught me some ways to diminish anxiety.,カウンセラーは私に不安を減らすためのいくつかの方法を教えてくれた。
1016,cite,verb,2,11,を引き合いに出す；を引用する,The doctor cited the case of a man who survived five operations.,医師は5度の手術を乗り越えた男性の事例を引き合いに出した。
1017,quote,verb,2,11,を引用する；を引き合いに出す,She quoted an old Chinese proverb in her speech.,彼女は演説の中で古い中国のことわざを引用した。
1018,dispute,verb,2,11,に異議を唱える；（を）議論する,I disputed the reviews that said the movie was good.,私はその映画がすぐれていると言っている批評に異議を唱えた。
1019,highlight,verb,2,11,を目立たせる、強調する,The news story highlights the problems of children using smartphones.,そのニュース記事は子供のスマホ使用がはらむ問題を強調している。
1020,distract,verb,2,11,（注意など）をそらす,Loud music always distracts me from reading.,大音量の音楽はいつも私の気を読書からそらす。
1021,cheat,verb,2,11,をだます；不正をする,The salesperson cheated his customers out of their money.,その販売員は顧客から金をだまし取った。
1022,foster,verb,2,11,をはぐくむ；を養育する；を心に抱く,Teachers have a good chance to foster their students' thinking ability.,教師は生徒の考える力をはぐくむよい機会を持っている。
1023,obey,verb,2,11,に従う；に服従する,We ought to obey traffic rules so we have fewer accidents.,私たちは事故を少なくするために交通規則に従うべきである。
1024,bend,verb,2,11,を曲げる；を屈服させる；曲がる,She cannot bend her right elbow due to her injury.,彼女はけがのせいで右ひじを曲げることができない。
1025,deprive,verb,2,11,から（権利などを）奪う,The military deprived the citizens of their liberty.,軍隊は国民から自由を奪った。
1026,govern,verb,2,11,（を）統治する、支配する,The mayor governed our city for over ten years.,その市長は10年以上にわたって我が市を統治した。
1027,log,verb,2,11,（log onで）ログオンする；を記録する,Emma logs on to her e-mail account many times a day.,エマは1日に何回もEメールのアカウントにログオンする。
1028,transmit,verb,2,11,を伝える；（電波・信号など）を送る,"During the war, the soldier transmitted messages through radio signals.",戦争中，その兵士は無線信号を通じてメッセージを伝えた。
1029,bully,verb,2,11,をいじめる；を脅す,The boy stopped some other boys from bullying a girl.,その少年はほかの少年たちが少女をいじめるのをやめさせた。
1030,leap,verb,2,11,跳ぶ；さっと動く；急上昇する,"When the doorbell rang, he leaped from the bed and rushed to the entrance.",玄関のベルが鳴ったとき，彼はベッドから跳び下りて戸口に急いだ。
1031,astonish,verb,2,11,を驚かす,We were astonished at the surprise visit of the famous actor.,私たちは有名な俳優の突然の訪問に驚いた。
1032,thrill,verb,2,11,をぞくぞくさせる；わくわくする,Her violin performance thrilled the audience.,彼女のバイオリン演奏は聴衆をぞくぞくさせた。
1033,nod,verb,2,11,うなずく；会釈する；うとうとする,The patient nodded in agreement with her doctor.,患者は担当の医師に同意してうなずいた。
1034,bow,verb,2,11,おじぎする；屈服する,The actors bowed to the audience after the musical was over.,ミュージカルが終わった後，俳優たちは観客に向かっておじぎした。
1035,blend,verb,2,11,を混ぜる；を調和させる；（～に）溶け込む（into）,The coffee brand blends Ethiopian beans with Brazilian ones.,バリスタはエチオピア産の豆をブラジル産の豆と混ぜ合わせる。
1036,complicate,verb,2,11,を複雑にする,"Only Lina disagreed with us, which complicated the situation.",リーナだけが私たちに反対し，そのことが状況を複雑にした。
1037,pitch,verb,2,11,を投げる；倒れる；縦揺れする,She pitched some wood into the fire.,彼女はいくらかの木を火の中に投げ入れた。
1038,persist,verb,2,11,続く；固執する,His sadness persisted for a long time after his mother's death.,母親の死後，彼の悲しみは長い間続いた。
1039,dedicate,verb,2,11,をささげる；を献呈する,He dedicates his life to the study of insects.,彼は人生を昆虫の研究にささげている。
1040,equip,verb,2,11,に備えつける,Robert's new car is equipped with a great music system.,ロバートの新しい車はすばらしい音楽装置を備えている。
1041,premise,noun,2,11,前提；（～s）（建物を含めた）構内，敷地,All logical arguments have two premises and a conclusion.,論理的な主張はすべて２つの前提と１つの結論を備えている。
1042,input,noun,2,11,入力（情報）、投入；（情報・時間などの）提供,The incorrect input of data led to the wrong conclusion.,不正確なデータの入力が誤った結論につながった。
1043,merit,noun,2,11,利点（⇔demerit 欠点）；功績；真価,The novel has the merit of being informative and entertaining.,その小説には情報に富みおもしろいという利点がある。
1044,sympathy,noun,2,11,同情；（～に対する）共感（with/for）,I had sympathy for my injured friend.,私はけがをした友人に同情した。
1045,compliment,noun,2,11,賛辞；表敬,"After receiving a compliment from his teacher, he smiled back.",先生から賛辞を受けた後，彼はほほえみを返した。
1046,infrastructure,noun,2,11,インフラ、基本的施設；（経済）基盤,The typhoon destroyed much of the city's infrastructure.,その台風は市のインフラの多くを破壊した。
1047,ray,noun,2,11,光線；ひらめき、一筋の光明,The sun's rays are strongest in the summer.,太陽光線は夏に最も強くなる。
1048,distress,noun,2,11,苦悩；苦痛；困窮,Mary's poor behavior causes great distress for her mother.,メアリーのよくない行動が彼女の母親にとっての大きな苦悩の原因である。
1049,joint,noun,2,11,関節；接合（部）,I twisted one of my knee joints while running.,私はランニング中に片方のひざの関節をひねった。
1050,expedition,noun,2,11,遠征（隊）、探検（隊）,He went on an expedition to the South Pole.,彼は南極への探検に出発した。
1051,adolescent,noun,2,11,青年,Society must protect adolescents from dangerous websites.,社会は青年を危険なウェブサイトから守らなければならない。
1052,shade,noun,2,11,（日）陰；色合い；日よけ；微妙な相違,An elderly woman was sitting under the shade of a big tree.,1人の老婦人が大きな木の陰に座っていた。
1053,jury,noun,2,11,陪審（員団）；審査員団,A trial by jury is a standard practice in America.,アメリカでは陪審による裁判が標準的な慣習である。
1054,ethic,noun,2,11,倫理，道徳；（～s）倫理（道徳）規範,The country's people have a strong work ethic.,その国の人々は強い労働倫理を持っている。
1055,penalty,noun,2,11,（刑）罰；罰金；ペナルティー,He faced a heavy penalty for kidnapping.,彼は誘拐に対して重い刑罰を科せられた。
1056,faculty,noun,2,11,能力、機能；学部；教授陣,Using your creative faculties might help you solve the problem.,創造力を使うことはあなたがその問題を解決する助けになるかもしれない。
1057,scheme,noun,2,11,計画（≒plan）；体系；陰謀,The new housing scheme is only made possible by government action.,新しい住宅供給計画は政府の働きかけがあって初めて可能となる。
1058,nutrition,noun,2,11,栄養（の摂取）,The child receives balanced nutrition from a variety of foods.,その子供は種々の食べ物からバランスのいい栄養をとっている。
1059,particle,noun,2,11,（微）粒子；ほんのわずか,Cars release various gases and particles into the air.,車は空気中にさまざまなガスや粒子を放出する。
1060,molecule,noun,2,11,分子；微粒子,Electron microscopes allow us to investigate organic molecules.,電子顕微鏡は私たちが有機分子を調べるのを可能にする。
1061,nationality,noun,2,11,国籍；国民；国民性,People say that her nationality is Japanese.,彼女の国籍は日本だと言われている。
1062,poll,noun,2,11,世論調査；投票（数）,An opinion poll asks people about their political preferences.,世論調査は人々に政治的志向について尋ねる。
1063,clinic,noun,2,11,診療所、クリニック；（病院内の）～科,He started a medical clinic after working at a university hospital.,彼は大学病院で働いた後，内科診療所を始めた。
1064,dementia,noun,2,11,認知症,Some aging patients with dementia go missing when they are out alone.,高齢者施設では，認知症のために外出すると行方不明になる人がいる。
1065,fatigue,noun,2,11,疲労（≒exhaustion）,The best way to relieve your fatigue is to have sufficient sleep.,疲労を和らげる最善の方法は十分な睡眠をとることである。
1066,dilemma,noun,2,11,ジレンマ、板ばさみ,He is faced with the dilemma of whether to quit his job.,彼は仕事を辞めるかどうかというジレンマに直面している。
1067,queue,noun,2,11,（英）（順番を待つ）列,He joined the queue of people waiting for the bus.,彼はバスを待つ人々の列に加わった。
1068,curve,noun,2,11,（道路などの）カーブ；曲線,He drove through many curves on the mountain roads.,彼は山道のたくさんのカーブを車で通り抜けた。
1069,narrative,noun,2,11,物語、話；（小説の）叙述部分、地の文,He wrote a narrative based on his years living abroad.,彼は自分の外国生活を基にした物語を書いた。
1070,fingerprint,noun,2,11,指紋,Even a fingerprint left on a glass may cause a complaint from a customer.,グラスに残っている指紋でさえも客からの苦情を招くことがある。
1071,file,noun,2,11,ファイル，綴じ込み；（コンピュータの）ファイル；とじ込み帳,Please refer to the attached file for the details.,詳細については添付のファイルを参照してください。
1072,wilderness,noun,2,11,荒野；（庭・町などの）放置された部分,He is planning to explore the Alaskan wilderness.,彼はアラスカの荒野を探検することを計画している。
1073,pesticide,noun,2,11,殺虫剤；除草剤（≒herbicide）,Organic foods are produced without chemical pesticides.,有機食品は化学殺虫剤を使わずに作られる。
1074,panic,noun,2,11,大混乱，パニック；（金融）恐慌,She got into a panic when she couldn't find her credit card.,彼女はクレジットカードが見つからなかったときパニックに陥った。
1075,fabric,noun,2,11,織物、布（地）；構造,Using organic cotton as fabric for clothes has become widespread.,洋服の生地としてオーガニックコットンを使うことが広まってきている。
1076,fantasy,noun,2,11,空想；幻想；幻想的作品,The unique feature of this movie is its fusion of reality and fantasy.,この映画の独自の特徴は現実と空想の融合である。
1077,fancy,noun,2,11,（気まぐれな）好み；空想；思いつき,I took a great fancy to my piano teacher.,私はピアノの先生をとても好きになった。
1078,virtue,noun,2,11,美徳（⇔vice 悪）；長所；効能,Most children are taught the virtue of honesty from old stories.,たいていの子供は昔話から正直という美徳を教わる。
1079,grateful,adjective,2,11,感謝している,I am really grateful to you and your family for your hospitality.,私はあなたとあなたのご家族の親切なおもてなしに本当に感謝しています。
1080,valid,adjective,2,11,妥当な（⇔ invalid 妥当でない）；有効な,The conclusion he drew from the evidence was valid.,彼がその証拠から導いた結論は妥当であった。
1081,elaborate,adjective,2,11,入念な；凝った,He made an elaborate plan to climb Mont Blanc.,彼はモンブランに登る入念な計画を立てた。
1082,moderate,adjective,2,11,適度な；穏健な,The doctor recommended that my father take moderate exercise every day.,医師は私の父に毎日適度な運動をするように勧めた。
1083,dynamic,adjective,2,11,活動的な、精力的な；動的な（⇔static 静的な）,All the audience was touched by the dynamic performance of the actor.,観客は皆その役者の精力的な演技に感動した。
1084,brave,adjective,2,11,勇敢な（⇔cowardly 臆病な）；見事な,He was a brave fighter who challenged hundreds of enemies by himself.,彼は1人で何百人もの敵兵に挑んだ勇敢な兵士であった。
1085,brilliant,adjective,2,11,すばらしい；才能にあふれた；きらめく,She is such a brilliant violinist that she can play any type of music.,彼女はとてもすばらしいバイオリン奏者で，どんな種類の音楽も演奏することができる。
1086,tremendous,adjective,2,11,途方もない、莫大な；すばらしい,Tokyo spent a tremendous amount of money on moving its fish market.,東京都は魚市場を移転することに莫大な金額を費やした。
1087,oral,adjective,2,11,口頭の,The student gave an oral report on the subject.,その生徒はその課題について口頭での報告をした。
1088,innocent,adjective,2,11,無罪の（⇔guilty 有罪の）；無邪気な；無知の,The court found her innocent and she was released.,裁判所が彼女を無罪だと判定し，彼女は釈放された。
1089,subsequent,adjective,2,11,その後の,The village was severely damaged by heavy rains and subsequent floods.,村は豪雨とその後の洪水によって大きな損害を受けた。
1090,shallow,adjective,2,11,浅い（⇔deep 深い）；浅薄な,Children can walk around in the shallow end of the pool.,子供たちはプールの浅いほうの端で歩き回ることができる。
1091,indifferent,adjective,2,11,無関心な（≒uninterested）,Many young people are indifferent to politics and the economy.,多くの若者は政治や経済に無関心である。
1092,inferior,adjective,2,11,より劣った（⇔superior よりすぐれた）,I think this wine is inferior to that wine in flavor.,このワインはあのワインより風味が劣っていると私は思う。
1093,awkward,adjective,2,11,気まずい；ぎこちない；厄介な,"After her remark, there was an awkward silence.",彼女の発言の後，気まずい沈黙があった。
1094,obese,adjective,2,11,肥満した,A survey shows that 30 percent of men are obese.,ある調査は男性の30パーセントが肥満であることを示している。
1095,pregnant,adjective,2,11,妊娠した；（～で）満ちている（with）,Pregnant women are advised not to take any medicine.,妊娠している女性はいかなる薬も服用しないように勧められる。
1096,intimate,adjective,2,11,親密な；密接な,The actress described her intimate relationship with her husband.,その女優は夫との親密な関係について述べた。
1097,medieval,adjective,2,11,中世の；時代遅れの,He has a deep interest in medieval European history.,彼は中世ヨーロッパ史に深い関心を抱いている。
1098,sacred,adjective,2,11,神聖な（≒holy）；宗教的な；厳粛な,Buddhists in Osaka paid a large sum to maintain their sacred temple.,大阪の仏教徒たちは自分たちの神聖な寺を維持するために大金を払った。
1099,simultaneously,adverb,2,11,（～と）同時に（with）；一斉に,"Suddenly, heavy rain hit the town simultaneously with lightning.",突然，雷と同時に大雨が町を襲った。
1100,versus,preposition,2,11,（A ～ Bで）A対B；AかBか,A lot of soccer fans watched the Brazil versus Italy game on TV.,多くのサッカーファンがブラジル対イタリアの試合をテレビで見た。
1101,proceed,verb,2,12,進む，進行する；（～を）続行する（with）,"In case of emergency, please proceed calmly to the nearest exit.",緊急の場合，落ち着いて最寄りの出口にお進みください。
1102,orient,verb,2,12,（人）を（環境などに）慣らす（to）；（受身形で）（関心などが）（～に）向いている（to / toward）,This event is helpful for orienting new students to our university.,このイベントは新入生を我が大学に慣れさせるのに役立つ。
1103,surf,verb,2,12,（インターネット上の情報など）を見て回る；サーフィンをする,"He surfs the Internet constantly, collecting information about political scandals.",彼は絶えずネットのサイトを見て回り，政治的スキャンダルに関する情報を集めている。
1104,filter,verb,2,12,をろ過する；を取り除く,This device is designed to filter out dirt from the water.,この装置は水からごみを取り除くように作られている。
1105,bind,verb,2,12,を縛る；を束縛する；を結び付ける,She bound the sheets of paper together with string.,彼女はひもでそれらの紙をひとまとめに縛った。
1106,resort,verb,2,12,（好ましくない手段に）訴える，頼る（to）,"If the criminals' demands are not accepted, they may resort to force.",犯人たちの要求が受け入れられなければ，彼らは武力に訴えるかもしれない。
1107,reinforce,verb,2,12,を強化する；を補強する,The student reinforced his knowledge by taking extra lessons online.,その生徒はオンラインでの追加レッスンを受けることで知識を強化した。
1108,accumulate,verb,2,12,を蓄積する，集める；積もる,"The couple accumulated $20,000 to buy a new car.","その夫婦は新車を購入するために20,000ドルを貯めた。"
1109,bet,verb,2,12,と確信する，断言する；（金などを）かける,"If you work hard, I bet you can complete this task in a month.",懸命に働けば，きっと君は1か月でこの仕事を完了できるよ。
1110,advocate,verb,2,12,を主張する；を擁護する,Vegans advocate avoiding all food of animal origin.,完全菜食主義者は動物由来のすべての食べ物を避けることを主張する。
1111,constitute,verb,2,12,を構成する；になる，に等しい,"At our university, women constitute the majority of the psychology majors.",私たちの大学では，女性が心理学専攻学生の大多数を構成する。
1112,undertake,verb,2,12,を引き受ける；を保証する；に着手する,She undertook the task of preparing all the necessary materials.,彼女は必要な資料をすべてそろえるという仕事を引き受けた。
1113,grip,verb,2,12,を握る；をとらえる,"Scared by the noise, she gripped her father's arm tightly.",物音におびえて，彼女は父親の腕をしっかりと握った。
1114,dismiss,verb,2,12,（意見などを）退ける；を解雇する（≒ fire）,My boss dismissed my opinion as nonsense.,彼は私の考えをばかげたものとして退けた。
1115,fade,verb,2,12,薄れる；衰える,Many of my memories of my trip to Italy ten years ago have faded.,10年前に行ったイタリア旅行の思い出の多くは薄れてしまった。
1116,conceal,verb,2,12,を隠す（≒ hide）（⇔ uncover ⇒ 1236）,You cannot conceal your true feelings when you speak.,人は話すとき自分の真情を隠すことができない。
1117,chew,verb,2,12,（を）かむ；をかみ砕く,You should chew your food well when you eat.,食事するときは食べ物をよくかむべきだ。
1118,swallow,verb,2,12,（を）飲み込む；をうのみにする；に耐える,She swallowed a pill with a glass of water.,彼女はコップ1杯の水で錠剤を飲み込んだ。
1119,seal,verb,2,12,を密閉する；に封をする,Houses in Hokkaido are sealed to prevent cold winds and snow from getting in.,冷たい風や雪が入り込むのを防ぐために，窓はしっかりと密閉されていた。
1120,migrate,verb,2,12,移住する；（鳥などが）渡る,"Between 1880 and 1914, nearly three million Italians migrated to the U.S.",1880年から1914年にかけて300万人近くのイタリア人がアメリカに移住した。
1121,exaggerate,verb,2,12,（を）誇張する；を強調する,The food company exaggerated the quality of its products.,その食品会社は自社製品の品質を誇張した。
1122,accuse,verb,2,12,を非難する；を告訴する,She accused me of having spread rumors about her father.,彼女は自分の父親に関するうわさを広めたことで私を非難した。
1123,vanish,verb,2,12,消える（≒ disappear）,"During the show, the magician vanished from sight on the stage.",ショーの途中，手品師は舞台上で視界から消えた。
1124,polish,verb,2,12,を磨く；を洗練させる,He polishes the floors of his apartment once a week.,彼は週に1度自宅マンションの床を磨く。
1125,wipe,verb,2,12,を拭く；を拭き取る；を消し去る,She wiped her hands with a hand towel.,彼女は手拭きタオルで手を拭いた。
1126,sweep,verb,2,12,（を）掃く；を一掃する；さっと通過する,It is my job to sweep the path in front of the house every day.,毎朝，通路を掃くのが私の仕事だ。
1127,mislead,verb,2,12,を誤解させる，欺く；（人）を間違った方向に導く,The salesperson misled the customer into buying an expensive product.,その販売員は客を欺いて高価な製品を買わせた。
1128,spoil,verb,2,12,を台無しにする；を甘やかす；だめになる,He feels the London Eye spoils the view of London.,彼はロンドンアイがロンドンの景色を台無しにしていると感じている。
1129,compound,verb,2,12,を悪化させる；を合成する；を混合する,His sudden illness compounded the financial problems of his company.,彼の突然の病気は彼の会社の財務問題を悪化させた。
1130,explode,verb,2,12,爆発する；急増する；を論破する,"If the bomb had exploded, many people would have suffered injuries.",もし爆弾が爆発していたら，多くの人がけがをしていただろう。
1131,disgust,verb,2,12,をむかつかせる；に愛想を尽かせる,The man was disgusted by the inappropriate remark from the politician.,その男性は政治家の不適切な発言にむかついた。
1132,commute,verb,2,12,通勤（通学）する,"If mass transit isn't available, people will commute with cars.",大量輸送機関が利用できないと，人々は車で通勤するだろう。
1133,decorate,verb,2,12,を装飾する,The Smiths like to decorate their house with paintings.,スミス夫妻は自分たちの家を絵画で飾るのを好む。
1134,postpone,verb,2,12,を延期する（≒ put off）,We have decided to postpone the meeting until Wednesday.,私たちは水曜日まで会議を延期することに決めた。
1135,cease,verb,2,12,をやめる；終わる,The small village ceased to exist after the last resident moved away.,その工場は住民が退去した後なくなった。
1136,compromise,verb,2,12,妥協する；を危うくする,The salesperson compromised with the buyer on the price.,その販売員は価格面で買い手と妥協した。
1137,elect,verb,2,12,を選出する,The voters were sensible enough to elect him a member of the Diet.,有権者は賢明にも彼を国会議員に選んだ。
1138,extract,verb,2,12,を取り（搾り）出す；を抜粋する,A juicer is used to extract juice from fruit and vegetables.,その機械はオレンジから汁を搾り出すのに使われる。
1139,inherit,verb,2,12,を受け継ぐ；を相続する,She inherited her musical talent from her father.,彼女は父親から音楽的才能を受け継いだ。
1140,rear,verb,2,12,（人・動物・植物）を育てる（≒ raise）,This is a good place to rear young children.,そこは羊や牛を飼育するのによい所である。
1141,empathy,noun,2,12,感情移入，共感,She has great empathy with people in need.,子供は映画の登場人物に大いに感情移入する。
1142,cue,noun,2,12,合図；手がかり；（次の演技の）キュー,"In face-to-face negotiations, we give off and receive nonverbal cues.",面と向かっての会話では，非言語的合図が重要である。
1143,enterprise,noun,2,12,企業，事業；企画；進取の気性,I work for a global enterprise selling cosmetics around the world.,私は世界中で化粧品を販売している世界的企業に勤めている。
1144,output,noun,2,12,生産（高）；出力；排出（量）,The output of this product has decreased due to the factory closure.,この製品の生産高は工場の閉鎖が原因で減少した。
1145,congress,noun,2,12,（米国などの）議会；会議,"In 1894, Congress passed a law making Labor Day a federal holiday.",1894年，米国議会は「労働者の日」を連邦の祝日にする法律を通過させた。
1146,millennium,noun,2,12,千年間，千年紀,Animal species have been breeding with one another for many millennia.,動物種は何千年もの間，互いに交わり繁殖してきた。
1147,mankind,noun,2,12,人類,Environmental destruction threatens the future of mankind.,環境破壊は人類の未来を脅かす。
1148,Muslim,noun,2,12,イスラム教徒,"Muslims pray in mosques on Friday, their holy day of the week.",イスラム教徒は，彼らの聖なる曜日である金曜日にモスクで祈る。
1149,estate,noun,2,12,（動産・不動産などの）財産；私有地,The property is part of my late mother's estate.,その不動産は私の亡き母の財産の一部である。
1150,landmine,noun,2,12,地雷,The landmine was one of the weapons used in the Vietnam War.,地雷はベトナム戦争で使われた武器の一種だった。
1151,caution,noun,2,12,用心；警告,They are expected to do their job with extra caution.,彼らは特別に用心して自分たちの仕事をすることが求められる。
1152,controversy,noun,2,12,論争,There has been controversy over revisions to the constitution.,憲法の改正に関する大きな論争がある。
1153,consensus,noun,2,12,総意；（意見の）一致,The consensus of the class is that we will run a café at the school festival.,クラスの総意は私たちが文化祭でカフェを運営することである。
1154,retail,noun,2,12,小売り（⇔ wholesale 卸売り）,The shop sells local farm products at retail prices.,その店は地元の農産物を小売価格で販売する。
1155,fiber,noun,2,12,繊維（質）；本質；精神力,Brown rice is rich in dietary fiber and vitamin B.,大豆は食物繊維とビタミンBが豊富である。
1156,scent,noun,2,12,（よい）香り；香水,Tea is sometimes combined with the scent of various flowers.,香水では，心地よい香りと他の香りが組み合わされることがある。
1157,beverage,noun,2,12,（水以外の）飲み物，飲料,Some religions prohibited people from drinking alcoholic beverages.,人々にアルコール飲料を飲むことを禁じていた宗教もある。
1158,supplement,noun,2,12,栄養補助剤，サプリメント；補足,He takes many supplements every day.,彼は毎日多くのサプリメントを服用する。
1159,diabetes,noun,2,12,糖尿病,There is a close link between obesity and diabetes.,肥満と糖尿病との間には密接な関連がある。
1160,province,noun,2,12,州，省；（the ～s）地方；分野,About one-third of the population in Canada lives in the province of Ontario.,カナダの人口の約3分の1はオンタリオ州に住んでいる。
1161,reef,noun,2,12,（岩や砂の）礁；暗礁,Coral reefs provide us with rich fishing resources.,サンゴ礁は私たちに豊かな漁業資源を提供する。
1162,microbe,noun,2,12,微生物；細菌,Soil full of microbes can help plants grow strong.,多量の微生物を含む土壌は植物が育ちやすい。
1163,excess,noun,2,12,過剰，超過,Drinking in excess will weaken your immune system.,過度の飲酒は体の免疫系を弱めることになる。
1164,gallery,noun,2,12,美術館，画廊；観客，ギャラリー；回廊,I visited a wonderful gallery of modern art in New York.,私はニューヨークですばらしい現代美術館を訪れた。
1165,fame,noun,2,12,名声,"He worked for fame, not for the sake of his family.",彼は家族のためではなく，名声のために働いた。
1166,deadline,noun,2,12,締め切り,Be sure to submit your report before the deadline.,必ず締め切り前に報告書を提出するように。
1167,undergraduate,noun,2,12,学部学生,"As an undergraduate, he studied English grammar.",学部学生のとき彼は英文法を研究した。
1168,slavery,noun,2,12,奴隷制度；苦役,"Even before Lincoln, some politicians had tried to abolish slavery.",リンカーン以前にも，中には奴隷制度を廃止することを試みた政治家もいた。
1169,prey,noun,2,12,獲物；犠牲者,Many types of animals hunt prey for food.,たくさんの種類の動物が食べるために獲物を狩る。
1170,mess,noun,2,12,散らかった状態（物）；混乱状態,My parents had me clean up the mess in the living room.,私の両親は私に居間の散らかった物を片づけさせた。
1171,recession,noun,2,12,不況；後退,Our country has not recovered from the economic recession yet.,我が国は経済不況からまだ回復していない。
1172,retreat,noun,2,12,後退，退却；（計画・決定などの）撤回,The military were forced to make a retreat from the enemy.,軍隊は敵から退却することを余儀なくされた。
1173,grave,noun,2,12,墓；（通例the ～）死,"Every time she returns home, she visits her grandmother's grave.",彼らは先祖の墓にお参りする。
1174,column,noun,2,12,コラム；（新聞などの）欄；円柱；（縦）列,She writes a newspaper column once a week.,彼女は週に1回新聞のコラムを書いている。
1175,scenery,noun,2,12,（集合的に）景色；背景,"They had lunch on the balcony, with a view of the mountain scenery.",そのホテルには海の展望がきくバルコニーがある。
1176,plot,noun,2,12,（小説などの）筋；陰謀,The plot of this detective novel is too complicated to understand.,この探偵小説の筋は複雑すぎて理解できない。
1177,sculpture,noun,2,12,彫刻（作品）,You can see Michelangelo's famous sculpture in St. Peter's in Vatican City.,バチカン市国のサンピエトロ大聖堂ではミケランジェロの有名な彫刻を見ることができる。
1178,tablet,noun,2,12,タブレット（型情報端末）；錠剤；平板,Some think that it is more convenient to read novels on a tablet.,タブレットで小説を読むほうが便利だと考える人もいる。
1179,dense,adjective,2,12,密集した，密度の高い；（霧などが）濃い,We had trouble walking through a dense crowd of people.,私たちは密集した人混みの中を通り抜けるのに苦労した。
1180,exotic,adjective,2,12,外来の；異国風の,The zoo has an exhibition of rare and exotic animals.,その動物園は珍しい外来の動物を公開している。
1181,acid,adjective,2,12,酸性の；酸っぱい；辛辣な,It is not certain that acid rain is caused by air pollution.,酸性雨が大気汚染によって引き起こされるのかははっきりしない。
1182,bitter,adjective,2,12,苦い，つらい；辛辣な；怒りっぽい,He had the bitter experience of fighting in the war.,彼は戦争で戦うというつらい経験をした。
1183,sensible,adjective,2,12,賢明な；実用的な；顕著な,She made the sensible decision of consulting her lawyer.,彼女は弁護士に相談するという賢明な決断をした。
1184,noble,adjective,2,12,高貴な；堂々とした；高潔な,He married a woman of a noble family.,彼は高貴な家系の女性と結婚した。
1185,vague,adjective,2,12,漠然とした，あいまいな；おぼろげな,I have a vague memory of my conversation with her on the phone.,私は彼女と電話で話をしたという漠然とした記憶がある。
1186,parallel,adjective,2,12,（～と）平行（並行）の（to）；類似した,She drove on a road that is parallel to the main road.,彼女は本街道と並行している道路を車で走った。
1187,tense,adjective,2,12,張り詰めた，緊張した,The goal of this exercise is to relax tense muscles and reduce stress.,この運動の目的は緊張した筋肉をほぐし，ストレスを減らすことである。
1188,vertical,adjective,2,12,垂直の（⇔ horizontal 水平な）；縦方向の,She placed the ladder in a vertical position.,彼女ははしごを垂直の位置に置いた。
1189,indigenous,adjective,2,12,原産の，先住の；（その土地に）固有の,Pumpkins are vegetables indigenous to Central America.,カボチャは中央アメリカ原産の野菜である。
1190,aboriginal,adjective,2,12,（通例A～）アボリジニの；原生の，先住の,Aboriginal art varies across the regions of Australia.,アボリジニの芸術はオーストラリア国内の地域によりさまざまである。
1191,seasonal,adjective,2,12,季節の，季節的な,Seasonal discounts have become common in the fashion industry.,季節割引はファッション業界では一般的になっている。
1192,abundant,adjective,2,12,豊富な；（～に）富む（in）,"Thanks to his abundant talents, he succeeded as an entertainer.",豊かな才能のおかげで，彼は芸能人として成功した。
1193,hybrid,adjective,2,12,ハイブリッドの；雑種の；混成の,Those who drive hybrid cars get the privilege of free parking here.,ハイブリッド車を運転する人はここで無料駐車の特権を得る。
1194,irrelevant,adjective,2,12,（～にとって）無関係の（to）；見当違いの,He asked the teacher a question irrelevant to the topic.,彼は先生にその話題に無関係の質問をした。
1195,ridiculous,adjective,2,12,ばかげた；法外な,The reporter asked him a ridiculous question at the press conference.,その記者は記者会見で彼にばかげた質問をした。
1196,fairy,adjective,2,12,妖精の（ような）,The queen in that fairy tale was so cruel to Snow White.,そのおとぎ話に出てくる女王は白雪姫にひどく冷酷だった。
1197,sensory,adjective,2,12,感覚の,Sensory information travels throughout the nervous system.,感覚の情報は神経系のすみずみまで伝わる。
1198,chronic,adjective,2,12,慢性の（⇔ acute ⇒ 1486）；長引く；常習の,Healthy life habits can reduce the risk of chronic diseases.,健康的な生活習慣は，慢性疾患の危険性を減らす可能性がある。
1199,voluntary,adjective,2,12,自発的な（⇔ compulsory ⇒ 1384）；無償の,People often act on the basis of their voluntary will.,人々はよく自らの自発的意志に基づいて行動する。
1200,inclined,adjective,2,12,傾向がある；傾いた,She is inclined to be very optimistic about her future.,彼女は自分の将来についてとても楽観的な傾向がある。
1201,infer,verb,2,13,を推論する，推測する,I inferred that her hometown is London from her words.,私は彼女の言葉から彼女の故郷がロンドンであると推論した。
1202,esteem,verb,2,13,を尊敬する；を見なす,He is highly esteemed as a genius in mathematics.,彼は数学の天才として大いに尊敬されている。
1203,tackle,verb,2,13,に取り組む；と（～のことで）話をつける（about / on）,We must find an effective way to tackle this task.,私たちはこの任務に取り組むための効果的な方法を見つけなければならない。
1204,venture,verb,2,13,危険を冒して進む；を思い切ってする,The company ventured into an unknown territory.,その会社は危険を冒して未知の分野に乗り出した。
1205,accelerate,verb,2,13,を加速させる，促進する；加速する,The new goal of the government is to accelerate economic growth.,政府の新しい目標は経済成長を加速させることである。
1206,accustom,verb,2,13,（人）を慣れさせる,I am accustomed to hearing criticism from the media.,私はマスコミからの批判を聞くのに慣れている。
1207,amuse,verb,2,13,をおもしろがらせる，楽しませる,His jokes and funny stories amused us.,彼の冗談や滑稽な話は私たちをおもしろがらせた。
1208,flourish,verb,2,13,繁栄する；繁茂する；を振りかざす,Renaissance art flourished in Italy between the 14th and 16th century.,ルネサンス芸術は14世紀から16世紀にかけてイタリアで繁栄した。
1209,thrive,verb,2,13,繁栄する，うまくいく；繁茂する,The local economy is thriving after the new factory was built.,新しい工場が建設された後，地元の経済は繁栄している。
1210,nurture,verb,2,13,をはぐくむ；を養成する,She nurtured her talents by painting and writing poems.,彼女は絵を描いたり詩を書いたりして自分の才能をはぐくんだ。
1211,click,verb,2,13,（を）クリックする；をカチッと鳴らす；カチッと音がする,"To download the file, you need to click on the filename on the screen.",ファイルをダウンロードするには，画面上のファイル名をクリックする必要がある。
1212,spin,verb,2,13,回転する；を回転させる；（糸）を紡ぐ,The earth is spinning around on its axis.,地球は地軸を中心に回転している。
1213,clip,verb,2,13,を切り抜く；を（はさみで）切り取る；をクリップで留める,She clips suitable articles from the newspaper for future use.,彼女は将来使うために新聞から適当な記事を切り抜く。
1214,drag,verb,2,13,を引きずる；ぐずぐずする,I saw people dragging big bags at the airport.,私は空港で人々が大きなバッグを引きずっているのを見た。
1215,cast,verb,2,13,を投じる；に役を当てる,His repeated mistakes forced us to cast doubt on his ability.,彼の度重なる失敗のせいで，私たちは彼の能力に疑問を投げかけざるを得なかった。
1216,scatter,verb,2,13,をまき散らす；分散する,There is litter scattered on the beach.,海岸にごみがまき散らされている。
1217,tempt,verb,2,13,を（...する）気にさせる（to do）；を引きつける,Manufacturers may be tempted to ignore the consumers' complaints.,製造業者は消費者の苦情を無視したくなることもある。
1218,withdraw,verb,2,13,を引き出す；を撤回する；撤退する,"She withdrew 20,000 yen from the ATM at a convenience store.","彼女はコンビニのATMから20,000円を引き出した。"
1219,yawn,verb,2,13,あくびをする,I noticed that he was trying hard not to yawn during class.,私は彼が授業中必死にあくびをしないようにしているのに気づいた。
1220,blink,verb,2,13,まばたきする；点滅する；（目）をまたたく,He has a habit of blinking whenever he gives a speech.,彼は演説をするときはいつもまばたきをする癖がある。
1221,dye,verb,2,13,を染める；染まる,The woman decided to dye her hair brown.,その女性は髪を茶色に染めることにした。
1222,spill,verb,2,13,をこぼす；こぼれる,She accidentally spilled red wine on her white dress.,彼女は誤って自分の白いドレスに赤ワインをこぼした。
1223,irritate,verb,2,13,をいらいらさせる；をひりひりさせる,Jason's loud voice irritates her.,ジェイソンの大声は彼女をいらいらさせる。
1224,insult,verb,2,13,を侮辱する（≒ affront）,He insulted me by suggesting that I cheated in the exam.,彼は私が試験でカンニングをしたとほのめかして私を侮辱した。
1225,enforce,verb,2,13,を施行（実施）する；を（～に）強制する（on / upon）,The police enforce laws which the government has made.,警察は政府が作った法律を実施する。
1226,rob,verb,2,13,から（金品を）奪う,Three men robbed a woman of her wallet on a crowded train.,3人の男が混雑した電車の中で女性から財布を奪った。
1227,drain,verb,2,13,（液体）を流出させる；（液体が）流れ出る,She forgot to drain water from the bathtub.,彼女は浴槽から水を流すのを忘れた。
1228,suspend,verb,2,13,を停職（停学，出場停止）にする；を一時的に中断する,The athlete has been suspended for not following the rules.,その運動選手は規則を守らなかったために出場停止になっている。
1229,drift,verb,2,13,漂う；さまよう；を押し流す,The sailboat slowly drifted in the sea.,帆船はゆっくりと海の上を漂った。
1230,forgive,verb,2,13,を許す；を免除する,Please forgive me for having kept you waiting for such a long time.,こんなにも長い間あなたをお待たせしたことを許してください。
1231,revise,verb,2,13,を修正する；を改訂する,I need to revise my essay draft by next Monday.,私は次の月曜日までに小論文の草稿を修正する必要がある。
1232,recruit,verb,2,13,を募る；に新人を補充する,Some colleges spend a lot of money to recruit talented students.,才能のある学生を募るために多額の金を使う大学もある。
1233,twist,verb,2,13,をねじる，ひねる；を歪曲する,"While playing tennis, I twisted my ankle.",テニスをしていて，私は足首をひねった。
1234,crush,verb,2,13,を押しつぶす；を弾圧する；を絞り出す,"Every morning, commuters in Tokyo are crushed on trains.",毎朝，東京の通勤者は列車の中で押しつぶされる。
1235,pin,verb,2,13,をピンで留める；を突き刺す,She pinned a note onto the bulletin board.,彼女は掲示板にメモをピンで留めた。
1236,uncover,verb,2,13,を暴く（⇔ conceal ⇒ 1116）；を発掘する,The magazine uncovered the actor's secret.,雑誌はその俳優の秘密を暴いた。
1237,exploit,verb,2,13,を活用する；を搾取する，につけ込む,I do not think my company is fully exploiting its human resources.,私は会社が人的資源を十分に活用しているとは思わない。
1238,implement,verb,2,13,を実行（実施）する,Japan implemented its recycling policy in 1991.,日本は1991年にそのリサイクル政策を実施した。
1239,integrate,verb,2,13,を統合する；融合する,The students integrated the ideas from their teacher with their own.,生徒たちは教師からのアイディアと自分たちのアイディアを統合した。
1240,incorporate,verb,2,13,を取り入れる；を法人にする；合併する,Many words have been incorporated into English from Latin and French.,多くの語がラテン語やフランス語から英語に取り入れられてきた。
1241,profile,noun,2,13,人物の紹介；横顔；輪郭,The reporter was told to write a profile of the new mayor.,記者は新市長の人物紹介を書くように言われた。
1242,appetite,noun,2,13,食欲；欲求,People tend to have a bigger appetite when they feel a lot of stress.,大きなストレスを感じると，人は食欲が増す傾向にある。
1243,impulse,noun,2,13,衝動；刺激,She could not resist the impulse to eat ice cream.,彼女はアイスクリームを食べたいという衝動に抵抗できなかった。
1244,script,noun,2,13,台本；筆跡,The director insisted that the actors memorize the script.,監督は俳優たちが台本を暗記することを要求した。
1245,anniversary,noun,2,13,（～周年）記念日,They celebrated their fifth wedding anniversary last Sunday.,彼らはこの前の日曜日に結婚5周年を祝った。
1246,pension,noun,2,13,年金,She started to receive her retirement pension at the age of 65.,彼女は65歳で退職者年金を受け取り始めた。
1247,temper,noun,2,13,気質，気性；機嫌；かんしゃく,"Her temper is sweet and calm, so everyone likes her.",彼女の気性は優しくて穏やかなので，だれもが彼女のことを好きである。
1248,cortex,noun,2,13,皮質；樹皮,The frontal cortex is the most recently evolved part of the brain.,前頭皮質は脳の中で最も遅くに進化した部分である。
1249,syndrome,noun,2,13,症候群；～現象,Inborn heart defects are associated with many genetic syndromes.,生まれつきの心臓欠陥は多くの遺伝的症候群と関連づけられる。
1250,chamber,noun,2,13,（特定の目的の）部屋；議場；（the ～）議院,The guide took me through the chambers of the castle.,ガイドは私を連れて城の部屋を案内した。
1251,utility,noun,2,13,公共事業；公共料金；実用性,Free markets may be replaced with publicly owned utilities someday.,自由市場はいつか公営公共事業に取って代わられるかもしれない。
1252,cattle,noun,2,13,（集合的に）牛,He raises cattle and pigs at the foot of the mountain.,彼はその山のふもとで牛と豚を飼育している。
1253,herd,noun,2,13,（牛などの）群れ；群衆,A large herd of elephants have moved into the fields.,ゾウの大きな群れが野原に移動した。
1254,fluid,noun,2,13,流動体，液体,The patient is only allowed to drink fluids today.,その患者は今日は水分をとることだけが許可されている。
1255,pity,noun,2,13,残念なこと；哀れみ,It is a great pity that you have to leave so quickly.,あなたがこんなにも早く出発しなければならないとはとても残念です。
1256,priest,noun,2,13,聖職者,He became a Christian priest and a professor at Cambridge University.,彼はキリスト教の聖職者になり，ケンブリッジ大学の教授になった。
1257,acquaintance,noun,2,13,知人；面識；知識,She is just a casual acquaintance.,彼女はただのちょっとした知り合いだ。
1258,offspring,noun,2,13,子孫，子；成果,Much of what we pass on to our offspring is cultural.,私たちが子孫に渡すものの多くは文化的なものである。
1259,famine,noun,2,13,飢饉；（食糧・物資の）ひどい不足,People in the past suffered from famine due to crop failure.,昔の人々は穀物の不作のせいで飢饉に苦しんだ。
1260,deforestation,noun,2,13,森林伐採,Deforestation in the Amazon has accelerated recently.,アマゾンでの森林伐採は最近加速してきている。
1261,jail,noun,2,13,刑務所，拘置所（≒ prison）,The criminal was charged with burglary and taken to jail.,犯人は住居侵入罪で告発され，刑務所に送られた。
1262,commodity,noun,2,13,商品；有用なもの,Coffee is one of the most valuable commodities in the world.,コーヒーは世界で最も貴重な商品の1つである。
1263,format,noun,2,13,書式，形式；（本などの）型,Many school textbooks are appearing in digital format these days.,今日では多くの学校の教科書がデジタル形式で出てきている。
1264,recipient,noun,2,13,受け取る人；（臓器などの）被提供者,The author is a recipient of the Nobel Prize in Literature.,その作家はノーベル文学賞の受賞者である。
1265,drill,noun,2,13,訓練；（反復）練習；ドリル，錐,Factory workers should hold regular fire drills.,工場労働者は定期的な消防訓練を行うべきである。
1266,inability,noun,2,13,無能，無力,We were shocked at Maria's inability to use a knife and fork properly.,私たちはマリアがナイフとフォークを正しく使うことができないことにショックを受けた。
1267,republic,noun,2,13,共和国；共和制,The Czech Republic and the Slovak Republic are now two independent nations.,チェコ共和国とスロバキア共和国は今では2つの独立した国家である。
1268,combat,noun,2,13,戦闘；対立,"In the Vietnam War, some photographers joined the soldiers who went into combat.",ベトナム戦争では，戦闘に入った兵士たちに従軍したカメラマンがいた。
1269,debris,noun,2,13,（破壊された後の）残骸，瓦礫；がらくた,They are cleaning up the debris of the collapsed building.,彼らは倒壊したビルの残骸を片づけている。
1270,bug,noun,2,13,病原菌（が起こす病気）；虫；盗聴器；（機械・プログラムの）欠陥,The school has to get rid of the bugs in the swimming pool.,学校はプールの病原菌を駆除しなければならない。
1271,fraction,noun,2,13,わずか（≒ bit），一部；分数,Only a small fraction of the universe is visible to observers on earth.,宇宙のほんの一部だけが地球上の観察者に見えている。
1272,index,noun,2,13,指標；索引；指数,It is said that one's home is an index of one's personality.,人の家はその人の個性の指標であると言われている。
1273,intuition,noun,2,13,直観（力），直感,Scientists often rely on intuition for research ideas.,科学者はしばしば研究の着想を得るのに直観に頼る。
1274,motive,noun,2,13,動機,Her motive for studying English is to watch American movies.,彼女が英語を勉強する動機はアメリカ映画を見ることである。
1275,consent,noun,2,13,同意，承諾,He is now old enough to get married without his parents' consent.,今や彼は両親の同意なしで結婚することができる年齢である。
1276,hierarchy,noun,2,13,（社会の）階層制；（the ～）支配層,The company has a complex hierarchy of managers.,その会社には管理職の複雑な階層がある。
1277,monument,noun,2,13,記念碑，遺跡；金字塔,The stone monument honors the people who died in the war.,その石碑は戦争で亡くなった人々に敬意を表している。
1278,asset,noun,2,13,（通例～s）資産；価値のあるもの；利点,The trading company has $500 million in assets.,その商社は資産が5億ドルある。
1279,decent,adjective,2,13,まずまずの；きちんとした；上品な,The company employs people living nearby and pays them decent wages.,その会社は近くに住む人々を雇い，彼らにまずまずの賃金を払っている。
1280,competent,adjective,2,13,有能な；適任の；満足できる,The president felt lucky to have such a competent secretary.,社長はこれほど有能な秘書がいることを幸運だと思っていた。
1281,straightforward,adjective,2,13,単純な；率直な,There is no straightforward answer to the philosophical question.,その哲学的な問いに対する単純な答えはない。
1282,cosmetic,adjective,2,13,化粧の，美容の；うわべの,The company is famous for its high quality cosmetic products.,その会社は高品質な化粧品で有名である。
1283,delicate,adjective,2,13,繊細な；扱いにくい；もろい,The mother treats her baby with delicate care.,母親は赤ん坊を繊細な注意を払って扱う。
1284,interior,adjective,2,13,室内の；内部の（⇔ exterior 外部の）,The interior walls are made of natural materials.,室内の壁は自然素材でできている。
1285,transparent,adjective,2,13,透明な；明快な,He fixed the split document with transparent tape.,彼は透明なテープで裂けた書類を修復した。
1286,aesthetic,adjective,2,13,美的な；美学の,There is an aesthetic quality to letters written with a brush.,筆で書かれた文字には美的な資質がある。
1287,deliberate,adjective,2,13,故意の；慎重な,His behavior was a deliberate attempt to offend her.,彼の行動は彼女の気分を害そうとする意図的な試みであった。
1288,demographic,adjective,2,13,人口統計学の,Japan has been going through big demographic changes over the past century.,日本は過去1世紀の間に大きな人口統計学的変化を経験してきている。
1289,prehistoric,adjective,2,13,有史以前の；旧式な,People may have cooked food in hot water in prehistoric times.,有史以前，人々は熱湯で食べ物を料理していたかもしれない。
1290,innate,adjective,2,13,生まれながらの；固有の,The brain loses some of its innate language capabilities when it ages.,脳は老化すると，その生まれながらの言語能力の一部を失う。
1291,mild,adjective,2,13,穏やかな；（程度が）軽い,Some foreign visitors are drawn to Florida by its mild winter climate.,外国人観光客の中にはその穏やかな冬の気候にひかれてフロリダに来る者もいる。
1292,toxic,adjective,2,13,有毒な；中毒性の,Toxic chemicals must not be poured down the drain.,有毒な化学薬品は排水溝に流してはならない。
1293,ashamed,adjective,2,13,恥じて,I was ashamed of not having been able to answer such an easy question.,私はそんな易しい質問に答えることができなかったことを恥ずかしく思った。
1294,humble,adjective,2,13,謙虚な；質素な；身分が低い,People say that good fortune comes to those humble people who expect it the least.,幸運はそれを一番期待していない謙虚な人に訪れると言われる。
1295,peculiar,adjective,2,13,特有の；特異な,Some diseases are peculiar to women.,女性に特有の病気がある。
1296,steep,adjective,2,13,（傾斜が）急な；急激な；法外な,"Every cyclist faces steep hills, strong headwinds and fatigue.",どのサイクリストも急な坂，強い向かい風，そして疲労に立ち向かう。
1297,trivial,adjective,2,13,ささいな，取るに足りない,The couple often has a quarrel over trivial matters.,その夫婦は取るに足りないことでよくけんかをする。
1298,magnificent,adjective,2,13,壮大な；見事な,The view of the city from Tokyo Skytree is magnificent.,東京スカイツリーからの町の眺めは壮大である。
1299,wireless,adjective,2,13,無線（電信）の，ラジオの,A wireless router receives and sends signals.,無線ルーターは信号を送受信する。
1300,ongoing,adjective,2,13,継続している，進行中の,The success of our ongoing project depends on the people concerned.,私たちの進行中のプロジェクトの成功は関係者にかかっている。
1301,assure,verb,2,14,に自信を持って言う；を保証する,I can assure you that you will never forget your trip abroad.,あなたはその海外旅行のことを決して忘れないと私はあなたに自信を持って言うことができる。
1302,precede,verb,2,14,に先行する；に優先する,"In Turkey, small talk precedes any business discussions.",トルコでは，世間話がどんなビジネスの議論にも先行する。
1303,revive,verb,2,14,を復活させる；復活する,"Now sixty-five, he revived his childhood dream of making a violin.",65歳になった今，彼はバイオリンを作るという子供時代の夢を復活させた。
1304,compel,verb,2,14,に強いる,The athlete's injury compelled him to quit professional sports.,その運動選手のけがは彼にプロスポーツをやめることを強いた。
1305,blossom,verb,2,14,花が咲く（≒ bloom）；発展する,Most cherry trees blossom in the spring.,たいていのサクラは春に花が咲く。
1306,terrify,verb,2,14,を怖がらせる；を脅かす,"The horror movie terrified her, so she could not sleep that night.",ホラー映画が彼女を怖がらせたので，彼女はその晩眠れなかった。
1307,violate,verb,2,14,（法律・規則など）に違反する；を侵害する,Using your smartphone on a flight may violate safety regulations.,フライト中にスマートフォンを使うことは安全規則に違反する可能性がある。
1308,suppress,verb,2,14,を抑える；を抑圧する,The company tried to suppress the news story about their illegal deals.,その会社は自社の不法取引に関するニュース記事を抑えようとした。
1309,deceive,verb,2,14,をだます（≒ take in）,He is the last man to deceive other people.,彼は一番他人をだましそうにない人だ。
1310,manipulate,verb,2,14,を（巧みに）操る；を改ざんする,The politician knows how to manipulate public opinion.,その政治家は世論を操る術を知っている。
1311,starve,verb,2,14,飢える；（～を）渇望する（for）；を飢えさせる,The man did not starve to death while walking through desert to the city.,その男性は砂漠を通って町へ歩いて行く間，餓死しなかった。
1312,flee,verb,2,14,（から）逃げる,The woman tried to flee from the scene of the crime.,その女性は犯行現場から逃げようとした。
1313,whisper,verb,2,14,（を）ささやく,I whispered in her ear to keep silent.,私は彼女の耳に黙っているようにささやいた。
1314,yell,verb,2,14,叫ぶ，どなる,The driver yelled at me to stay on the sidewalk.,運転手が私に歩道に留まるようにどなった。
1315,deposit,verb,2,14,を置く；を預ける；を堆積させる,She deposited a pile of documents on her desk and called me.,彼女は書類の山を自分の机に置いて私を呼んだ。
1316,confine,verb,2,14,を限定する；（通例受身形で）閉じ込められる,They confined the guests to close friends.,彼らは招待客を親友に限定した。
1317,swing,verb,2,14,を揺らす，振る；揺れる；（行動に）さっと移る,She was walking swinging her bag back and forth.,彼女はバッグを前後に振りながら歩いていた。
1318,prolong,verb,2,14,を長引かせる,They chose to prolong their stay in Spain.,彼らはスペイン滞在を延長することを選んだ。
1319,depict,verb,2,14,を描く,The picture depicts the sorrow of the Virgin Mary over Christ's death.,この絵画はキリストの死に際しての聖母マリアの悲嘆を描いている。
1320,outline,verb,2,14,の要点を述べる；の輪郭を描く,This report outlines a strategy for the growth of the city.,このレポートは市の発展の戦略の要点を述べている。
1321,shed,verb,2,14,を捨て去る；（光など）を放つ；（涙・血）を流す,The company was forced to shed a hundred jobs due to low sales.,その会社は売り上げ不振のために100のポストを削減することを余儀なくされた。
1322,emit,verb,2,14,（光・熱など）を出す，排出する；（信号）を送る,Food production emits carbon dioxide.,食料生産は二酸化炭素を排出する。
1323,renew,verb,2,14,を更新する；（資源）を再生する,I renewed my smartphone contract last month.,先月，私は自分のスマートフォンの契約を更新した。
1324,utilize,verb,2,14,を利用する（≒ make use of）,Local residents can utilize the school gym on the weekends.,地元の住民たちは週末に学校の体育館を利用することができる。
1325,assert,verb,2,14,を主張する,The researcher asserted that her findings were true.,その研究者は，自分の研究結果が事実であると主張した。
1326,strain,verb,2,14,に負担をかける；を緊張させる；を漉す,Increased interest rates will strain our company's finances.,金利の上昇は我が社の財政に負担をかけるだろう。
1327,strive,verb,2,14,努力する；争う,The police are striving to solve the problem of street crime.,警察は路上犯罪の問題を解決しようと努力している。
1328,dare,verb,2,14,あえて（思い切って）...する,He did not dare to tell the truth to anyone.,彼はあえてだれにも真実を言わなかった。
1329,boast,verb,2,14,を誇る；（を）自慢する,"Her Twitter account boasts more than 100,000 followers.",彼女のツイッターのアカウントは10万人以上のフォロワーを誇る。
1330,startle,verb,2,14,をびっくりさせる（≒ surprise）,A sudden loud noise of thunder startled us.,突然の大きな雷の音は私たちをびっくりさせた。
1331,offend,verb,2,14,の気分を害する；（に）違反する,His aunt was deeply offended by his bad language.,彼のおばは彼の悪い言葉遣いにひどく腹を立てた。
1332,compute,verb,2,14,（を）計算する；コンピューターを使う,We computed the cost of the big event to be $2 billion.,私たちはその大きなイベントの費用を20億ドルになると計算した。
1333,assemble,verb,2,14,を集める；を組み立てる；集まる,He assembled a team of experts to review the plan.,彼はその計画を見直すために専門家チームを集めた。
1334,worsen,verb,2,14,を悪化させる；悪化する（≒ deteriorate）,Careless treatment may worsen the patient's condition.,不注意な治療は患者の病状を悪化させることもある。
1335,flip,verb,2,14,を（ぱっと）裏返す；を軽くはじく,He flipped some pancakes over many times while cooking.,彼は料理中何回もパンケーキを裏返した。
1336,rub,verb,2,14,（を）こする；（～に）を塗る（on / over）,She studied until late at night rubbing her tired eyes.,彼女は疲れた目をこすりながら夜遅くまで勉強した。
1337,descend,verb,2,14,（を）降りる（⇔ ascend ⇒ 1839）；受け継がれる,I can hear him descending the stairs.,彼が階段を降りているのが聞こえる。
1338,compensate,verb,2,14,補償する（≒ make up）；に償う,Her passion compensates for her lack of knowledge.,彼女の情熱は知識不足を補う。
1339,comprise,verb,2,14,から成る；を構成する,"My apartment comprises three bedrooms, a kitchen, and a living room.",私のマンションは3つの寝室と台所と居間から成る。
1340,prevail,verb,2,14,普及している；支配的である；（～に）打ち勝つ（over）,The use of AI now widely prevails in many areas.,今や多くの分野でAIの利用は広く普及している。
1341,quest,noun,2,14,探究,"In a quest for knowledge, the student read entire books every day.",知識を探求して，その生徒は毎日何冊もの本を読破した。
1342,dignity,noun,2,14,尊厳；威厳,Societies have been discussing the issue of dying with dignity.,社会は尊厳死の問題について議論してきている。
1343,criterion,noun,2,14,（判断・評価の）基準,Doctors use a specific set of criteria for making a diagnosis.,医師は診断を下すのに特定の基準一式を用いる。
1344,paradox,noun,2,14,逆説；矛盾,Fighting a war in order to bring peace is a paradox.,平和をもたらすために戦争を行うことは逆説である。
1345,parliament,noun,2,14,（英国などの）議会；国会議員（団）,The members of Parliament met several times this month.,議会のメンバーは今月，数回の会合を持った。
1346,legislation,noun,2,14,法律；立法,The city adopted new legislation to lower the crime rate.,市は犯罪率を下げるために新しい法律を採用した。
1347,agenda,noun,2,14,協議事項（リスト）；議事日程（表）；（政治上の）課題,The chairperson briefly mentioned the agenda for tomorrow's meeting.,議長は明日の会議のための協議事項について手短に言及した。
1348,mainstream,noun,2,14,（活動・思潮などの）主流；大勢,His radical views place him outside the mainstream of Japanese politics.,彼の急進的な見解は，彼を日本の政治の主流からはずれた立場に置く。
1349,troop,noun,2,14,（～s）軍隊；集団,The country sent the peacekeeping troops into the conflict area.,その国は紛争地帯に平和維持軍を派遣した。
1350,epidemic,noun,2,14,流行（病）；蔓延,The government warned of a possible flu epidemic.,政府は起こり得るインフルエンザの流行を警告した。
1351,outbreak,noun,2,14,発生，勃発,"In 2014, an outbreak of Ebola fever killed more than 11,000 people.","2014年，エボラ熱の発生が11,000人以上の命を奪った。"
1352,chaos,noun,2,14,混沌，大混乱,The high number of people at the festival caused total chaos.,祭りの参加者の数が多かったことが大混乱を招いた。
1353,nightmare,noun,2,14,悪夢（のような状況）；不安感,I had a horrible nightmare last night.,私は昨夜恐ろしい悪夢を見た。
1354,horror,noun,2,14,恐怖；強い嫌悪；嫌な物（人）,He moved back with horror when he saw the big cockroach.,彼は大きなゴキブリを見て恐怖で後ずさった。
1355,cluster,noun,2,14,集団；（植物の）房，束,A cluster of young people stood around the famous actor.,若者の集団がその有名な俳優の周りに立っていた。
1356,pollen,noun,2,14,花粉,Hay fever is mainly caused by the pollen from trees and flowers.,花粉症は主に木や花の花粉によって引き起こされる。
1357,hive,noun,2,14,ミツバチの巣（箱）；人の集まる所,You should not harvest all the honey from the hive.,巣箱からハチミツを全部採取してはならない。
1358,irrigation,noun,2,14,灌漑,"Today, Japan mainly uses river water for irrigation.",今日，日本は主に灌漑のために川の水を使っている。
1359,dose,noun,2,14,（薬の1回分の）服用量；放射線の1回の照射量,Mary takes a dose of vitamin C every morning.,メアリーは毎朝ビタミンCを一服服用している。
1360,suicide,noun,2,14,自殺；自殺的行為,The old man attempted suicide because of his debts.,その老人は自分の借金のせいで自殺を図った。
1361,feast,noun,2,14,祝宴；大ごちそう；楽しみ,The guests gathered to celebrate the wedding feast.,招待客は結婚の宴を祝うために集まった。
1362,cuisine,noun,2,14,（独特の）料理，料理法,The cuisine of Taiwan's native people is increasingly being valued.,台湾の先住民の料理はますます評価されつつある。
1363,rumor,noun,2,14,うわさ,I heard a rumor that he is living in Boston now.,私は彼が今ボストンに住んでいるといううわさを聞いた。
1364,proverb,noun,2,14,ことわざ（≒ saying）,"A famous English proverb says, ""Actions speak louder than words.""",有名な英語のことわざに「行動は言葉より雄弁である」とある。
1365,signature,noun,2,14,署名；特徴,Please put your signature on this form.,この記入用紙にあなたの署名をしてください。
1366,formula,noun,2,14,方法，解決策；公式,There is no sure formula for a good life.,いい人生を送るための確実な方法はない。
1367,tuition,noun,2,14,（主に米）授業料（＝（英）tuition fees）；（個人）指導,I take on a part-time job to earn my college tuition.,私は大学の授業料を稼ぐためにアルバイトをしている。
1368,intake,noun,2,14,摂取量；受け入れ数；取り入れること,"To protect your heart, cut back on your fat intake.",あなたの心臓を守るために，脂肪の摂取量を減らしなさい。
1369,spectrum,noun,2,14,スペクトル；（波動・変動の）範囲,You can see the full color spectrum in this photo.,この写真ではすべての色のスペクトルを見ることができる。
1370,kidney,noun,2,14,腎臓,Some people have decided to donate their kidneys after their death.,死後に腎臓を提供することを決めている人もいる。
1371,gear,noun,2,14,用具（一式），器具；歯車；ギア,He has the right gear to do the repairs.,彼はその修理を行うのにぴったりの器具を持っている。
1372,aisle,noun,2,14,（座席間などの）通路,"Flight attendants walk up and down the aisle, serving passengers.",客室乗務員は通路を行き来し，乗客に応対する。
1373,grief,noun,2,14,深い悲しみ,"On hearing the news, she felt terrible grief.",その知らせを聞くとすぐに，彼女は非常に深い悲しみを感じた。
1374,destiny,noun,2,14,運命,She believed that it was her destiny to become a doctor.,彼女は医者になることが自分の運命だと思っていた。
1375,skull,noun,2,14,頭骨，頭蓋骨；頭脳,Dinosaur bones and skulls were found in the area.,恐竜の骨と頭蓋骨がその地域で見つかった。
1376,tomb,noun,2,14,墓,They buried him in the family tomb.,彼らは彼を一家の墓に埋葬した。
1377,monk,noun,2,14,修道士，僧（⇔ nun 修道女，尼）,The Buddhist monks have learned to live with nature.,その仏教の僧侶たちは自然とともに生きることを習得した。
1378,worship,noun,2,14,崇拝，礼拝（式）；賛美,Worship of the sun is found in mythologies around the world.,太陽崇拝は世界中の神話で見られる。
1379,outstanding,adjective,2,14,際立った；未払いの；未解決の,Jason received an award for his outstanding academic achievement.,ジェイソンはその際立った学業成績により賞を受賞した。
1380,unprecedented,adjective,2,14,前例のない；空前の,"Today, we are confronted with an unprecedented economic crisis.",今日，私たちは前例のない経済危機に直面している。
1381,infinite,adjective,2,14,無限の（⇔ finite 有限の）；無数の,The spaceship traveled through infinite space.,宇宙船は無限の空間を進んだ。
1382,worthwhile,adjective,2,14,価値がある；立派な,I don't mind spending money if the purchase is worthwhile.,もしその買い物が価値のあるものであるならば，私はお金を使うことを気にしない。
1383,indispensable,adjective,2,14,不可欠な（⇔ dispensable なくてもすむ）,Computer literacy is indispensable for academic learning.,コンピューター・リテラシーは大学での学習に不可欠である。
1384,compulsory,adjective,2,14,義務的な，強制的な（⇔ voluntary ⇒ 1199）,"In a country, children finish compulsory education at 16.",ある国では，子供たちは16歳で義務教育を終える。
1385,probable,adjective,2,14,十分にありそうな,It is probable that she will be reelected as mayor.,彼女が市長に再選されることは十分にありそうだ。
1386,ambiguous,adjective,2,14,あいまいな；多義的な,His answer to the question was highly ambiguous.,その質問に対する彼の答えは非常にあいまいであった。
1387,obscure,adjective,2,14,（世に）知られていない；不明瞭な,The origin of the ancient custom remains obscure.,その古来の習慣の起源は知られていないままだ。
1388,skeptical,adjective,2,14,（～に）懐疑的な（of / about）,She is skeptical about the possibility of political change.,彼女は政治の変化の可能性に懐疑的である。
1389,fragile,adjective,2,14,壊れやすい；虚弱な,You have to handle fragile glassware with care.,壊れやすいガラス製品を注意して扱わなくてはならない。
1390,static,adjective,2,14,静的な（⇔ dynamic ⇒ 1083）；動きのない,The shock you feel when touching the doorknob is discharged static electricity.,ドアの取っ手を触ったときに感じるショックは放電した静電気である。
1391,gradual,adjective,2,14,徐々の，緩やかな,There has been a gradual increase in the number of whales in the water.,その水域のクジラの数は緩やかな増加をしてきている。
1392,vocal,adjective,2,14,声の，発声の；はっきりものを言う,The singer has a vocal range of three octaves.,その歌手は3オクターブの声域を持っている。
1393,vivid,adjective,2,14,鮮やかな；生き生きとした,You may have a vivid memory from early childhood.,あなたは幼い子供時代の鮮明な記憶を持っているかもしれない。
1394,imperial,adjective,2,14,帝国の；皇帝の,St. Petersburg was once the capital of Imperial Russia.,サンクトペテルブルクはかつて帝政ロシアの首都であった。
1395,hostile,adjective,2,14,敵意のある（⇔ friendly 友好的な）；敵の,They were hostile to the new executive who joined the company.,彼らは会社に加わった新しい役員に敵対的であった。
1396,superficial,adjective,2,14,表面的な,We are often deceived by superficial resemblance.,私たちはしばしば表面的な類似にだまされる。
1397,scarce,adjective,2,14,乏しい；珍しい,Japan is a country with scarce energy resources.,日本はエネルギー資源が乏しい国である。
1398,gross,adjective,2,14,総計の；甚だしい；粗野な,Investments showed a gross profit of $2 million.,投資は200万ドルの総利益を生んだ。
1399,inherent,adjective,2,14,生来の，本来的に備わっている,The Russian language is difficult to learn due to its inherent properties.,ロシア語はその本来的に備わった特性のせいで習得するのが難しい。
1400,notable,adjective,2,14,注目に値する；著名な,The notable characteristic of the English weather is its changeability.,イングランドの天気で注目に値する特徴はその変わりやすさである。
1401,update,verb,2,15,を最新のものにする；をアップデートする,The store manager updates the sales data once a week.,店長は1週間に1回，売り上げデータを最新のものにする。
1402,refresh,verb,2,15,（気分）をさわやかにする；（記憶など）を新たにする；を最新のものにする,Music helps refresh your mind after a long day at work.,職場での長い1日の後，音楽が気分をさわやかにするのに役立つ。
1403,bloom,verb,2,15,花が咲く；栄える,I think that these lilies will bloom in a few days.,私はこれらのユリは数日たてば花が咲くと思う。
1404,conquer,verb,2,15,を征服する；を克服する,Some people fear that aliens may appear and conquer the Earth.,宇宙人が現れて地球を征服するかもしれないと恐れている人もいる。
1405,induce,verb,2,15,を引き起こす；を説得する,"The medicine may induce sleep, so don't take it before driving.",その薬は眠気を引き起こすこともあるので，運転する前には飲まないように。
1406,attain,verb,2,15,を獲得する，達成する；に達する,He attained most of his knowledge at university.,彼は大学で自身の知識の大半を得た。
1407,spray,verb,2,15,を吹きかける，に吹きつける,The man sprayed all the plants with an insecticide.,その男性はすべての植物に殺虫剤を吹きかけた。
1408,retrieve,verb,2,15,（情報）を検索する；を取り戻す；を回復する,She successfully retrieved necessary information from the database.,彼女はデータベースから首尾よく必要な情報を検索した。
1409,portray,verb,2,15,を描く；（の役）を演じる,The detective is portrayed as an intelligent character.,その刑事は聡明な人物として描かれている。
1410,scratch,verb,2,15,を引っかく；を取り消す，削除する,The cat scratched me on the arm.,その猫は私の腕を引っかいた。
1411,designate,verb,2,15,を指定する；を任命する,The wetland was designated as a conservation area.,その湿地は保護地域に指定された。
1412,contradict,verb,2,15,と矛盾する；に反対意見を言う,The company's actual work style contradicted what he learned in training.,その会社の実際の働き方は，彼が研修で学んだことと矛盾していた。
1413,sigh,verb,2,15,ため息をつく,She sighed with relief to hear that her son was safe.,彼女は息子が無事だと聞いて安堵のため息をついた。
1414,disrupt,verb,2,15,を混乱させる；を分裂させる,Climate change could disrupt the agricultural economy.,気候変動は農業経済を混乱させかねない。
1415,depart,verb,2,15,出発する；（～から）それる（from）,"In Japan, trains almost always depart on time.",日本では，列車はほとんどいつも時間どおりに出発する。
1416,navigate,verb,2,15,（を）誘導する；（を）操縦する；（を）航行する,She always navigates for her husband when they go for a drive.,ドライブに行くときは彼女がいつも夫を誘導する。
1417,beg,verb,2,15,に（～を）切に頼む（for）；（を）懇願する,She begged the concert attendant to let her enter the hall.,彼女はコンサートの案内係にホールに入れてくれるように切に頼んだ。
1418,inhabit,verb,2,15,に住んでいる；に宿る，存する,America is inhabited by many people from all over the world.,アメリカには世界中から来た多くの人々が住んでいる。
1419,diagnose,verb,2,15,（を）診断する,The doctor diagnosed the patient with a mild illness.,医師は患者が軽い病気にかかっていると診断した。
1420,comprehend,verb,2,15,を理解する,She could not comprehend what he was saying.,彼女は彼の言っていることを理解することができなかった。
1421,oblige,verb,2,15,に義務づける；に恩恵を施す,"We are obliged to educate children, work and pay taxes.",私たちは子供を教育し，勤労し，納税する義務がある。
1422,cram,verb,2,15,に詰め込む；詰め込み勉強をする,The boy crammed his mouth with a piece of bread.,その少年は口に1切れのパンを詰め込んだ。
1423,flock,verb,2,15,群がる，集まる,Many people flocked to the new restaurant featured on TV.,多くの人がテレビで特集されたその新しいレストランに群がった。
1424,underestimate,verb,2,15,（を）過小評価する（⇔ overestimate （を）過大評価する）；（を）軽く見る；を少なく見積もる,We should not underestimate our own talents.,私たちは自分自身の才能を過小評価するべきではない。
1425,clarify,verb,2,15,を明確にする,The man clarified the main point of his presentation.,その男性は自分のプレゼンの最重要ポイントを明確にした。
1426,spark,verb,2,15,を引き起こす；を刺激する；スパークする,His comments on a review site sparked a flood of protests.,レビューサイト上での彼の意見は大量の抗議を引き起こした。
1427,seize,verb,2,15,をつかむ；を奪い取る；を没収する,I failed to seize the opportunity to meet the mayor of our city.,私は市長に会うチャンスをつかみ損ねた。
1428,soar,verb,2,15,急上昇する；空高く飛ぶ,The stock price of the company has soared.,その会社の株価が急上昇した。
1429,glow,verb,2,15,光り（照り）輝く；赤く燃える；紅潮する,"The metal glowed in the dark, giving off a soft green light.",その金属は暗闇の中で光り輝き，柔らかい緑色の光を放っていた。
1430,disguise,verb,2,15,を（～に）変装させる（as）；を偽る,"She disguised herself as a man, so nobody could recognize her.",彼女は男性に変装したので，だれも彼女だと気づかなかった。
1431,distort,verb,2,15,を歪める；歪む,He negatively distorted his friend's message by mistake.,彼は誤って友人の伝言を否定的に歪めた。
1432,undermine,verb,2,15,を徐々にむしばむ；を侵食する,The new theory accounts for what undermines health.,その新しい理論は何が健康をむしばむかの説明となる。
1433,abolish,verb,2,15,を廃止する（≒ do away with）,We should abolish the outdated practice as it is no longer useful.,もはや役に立たないので，その時代遅れの慣例を廃止するべきである。
1434,strip,verb,2,15,を（から）取り去る；を裸にする,"First, we need to strip the tape from the package.",まず包みからテープをはがす必要がある。
1435,dispose,verb,2,15,（dispose ofで）を処分する；を（…する）気にさせる（to do）；を配置する,His will indicated how to dispose of his property.,彼の遺言は自分の財産を処分する方法を示していた。
1436,dump,verb,2,15,を投棄する；をどさっと落とす,It is illegal to dump waste into the river.,川にごみを投棄するのは違法である。
1437,weave,verb,2,15,を織る；（計画・物語など）を作り上げる,This beautiful scarf is woven from silk thread.,この美しいスカーフは絹糸で織られている。
1438,refine,verb,2,15,を洗練する；を精製する,He greatly refined his manners as he became an adult.,彼は大人になって大いに行儀作法を洗練した。
1439,enrich,verb,2,15,を豊かにする；（物質）を濃縮化する,The goal of this treatment is to enrich the quality of your life.,この治療の目的はあなたの生活の質を豊かにすることである。
1440,coordinate,verb,2,15,を調整する；を組織する；（服など）をコーディネートする,The guide coordinated a travel schedule for the people on the tour.,案内人がツアーの人々のために旅行日程を調整した。
1441,headline,noun,2,15,（新聞などの）見出し,Their sudden marriage grabbed the newspaper headlines this week.,彼らの突然の結婚は今週の新聞の大見出しで取り上げられた。
1442,internship,noun,2,15,（米）実務（医学）研修；研修期間,He has completed a one-year internship with a law firm in Tokyo.,彼は東京の法律事務所での1年間の実務研修を修了した。
1443,outlet,noun,2,15,直売店，特売店；はけ口；（米）（電気の）コンセント（≒ （英）socket）,A lot of tourists rushed to the outlets that sell famous brands.,多くの観光客が有名ブランド品を売る直売店に殺到した。
1444,remedy,noun,2,15,治療（法）；治療薬；解決法,He tried some folk remedies for his illness.,彼は自分の病気に民間療法をいくつか試した。
1445,pill,noun,2,15,錠剤，丸薬；（the ～）ピル，経口避妊薬,The doctor gave her five days' worth of pills for her cold.,医師は彼女に5日分の風邪薬の錠剤を出した。
1446,reception,noun,2,15,反応；宴会；受付；受信（状態）,Her new novel is getting a good reception from the readers.,彼女の新しい小説は読者から良好な反応を得ている。
1447,transaction,noun,2,15,（商）取引；（人と人との）交流,I am wondering how secure our online transactions are.,私は私たちのオンライン取引がどれくらい安全かと思っている。
1448,mutation,noun,2,15,突然変異（体）；変化,Some chemicals can cause genetic mutations in humans.,化学薬品の中には人間の遺伝子の突然変異を引き起こしかねないものがある。
1449,dairy,noun,2,15,（集合的に）乳製品；乳製品加工所（販売者）,I am trying to eat less red meat and dairy.,私は赤肉と乳製品をとる量を減らそうとしている。
1450,compassion,noun,2,15,同情,She felt deep compassion for the victims of the accident.,彼女はその事故の犠牲者に深い同情を感じた。
1451,posture,noun,2,15,姿勢；心構え,This chair helps people maintain a good posture.,この椅子は人がよい姿勢を保つ助けになる。
1452,curse,noun,2,15,悪態，ののしりの言葉；呪い；（通例a ～）災い,"Being angry, he released a scream and a curse.",かっとなって，彼は叫び声とののしりの言葉を発した。
1453,funeral,noun,2,15,葬式,She went back to her hometown to attend her grandfather's funeral.,彼女は祖父の葬儀に参列するために故郷に帰った。
1454,census,noun,2,15,国勢調査；交通調査,"According to the recent national census, the population is decreasing.",最近の国勢調査によると，人口は減少している。
1455,encyclopedia,noun,2,15,百科事典,This electronic dictionary contains 15 volumes of an encyclopedia.,この電子辞書は15巻の百科事典を収録している。
1456,cereal,noun,2,15,（通例～s）穀物；シリアル（穀物加工食品）,Some people avoid cereals to lose weight.,減量するため穀物を避ける人もいる。
1457,fragment,noun,2,15,断片,Our solar system is only a fragment of the whole universe.,私たちの太陽系は宇宙全体の断片にすぎない。
1458,patch,noun,2,15,（～の）部分，斑点；継ぎ；貼り薬,Giant pandas have black patches around their eyes.,ジャイアントパンダには目の周りに黒い部分がある。
1459,rubbish,noun,2,15,（英）ごみ（≒ （米）garbage）；つまらないもの,"In this city, most of household rubbish is burned up at a high temperature.",この市では，家庭ごみの大半は高温で焼却される。
1460,maze,noun,2,15,迷路（≒ labyrinth）；複雑に込み入ったもの,The new store is like a complicated maze for the shoppers.,その新しい店は買い物客にとって複雑な迷路のようである。
1461,outlook,noun,2,15,見解；見通し；眺め,Her trip to India totally changed her outlook on life.,彼女のインドへの旅は彼女の人生観を完全に変えた。
1462,breakthrough,noun,2,15,大発見，飛躍的進歩,The professor finally made a breakthrough in biology.,その教授はついに生物学における大発見をした。
1463,triumph,noun,2,15,勝利；勝利の喜び；偉業,She achieved a great triumph during the tournament.,彼女はトーナメント中にすばらしい勝利を収めた。
1464,ally,noun,2,15,同盟国；提携者；援助者；盟友,Japan is an ally and trade partner of the United States.,日本はアメリカ合衆国の同盟国であり貿易相手国である。
1465,spectator,noun,2,15,（試合などの）観客,The spectators of the game were very excited about the victory.,その試合の観客たちは勝利にとても興奮していた。
1466,sphere,noun,2,15,領域；球体；天体,"After graduation, he and I moved in different social spheres.",卒業後，彼と私は異なる社会的領域に進んだ。
1467,county,noun,2,15,（米）郡；（英）州,A county has its own government to deal with local matters.,郡は地元の問題に対処するための独自の政府を持つ。
1468,behalf,noun,2,15,利益，味方,"On behalf of my whole family, I'd like to thank you for all your help.",家族全員を代表して，私はあなたのご協力に感謝したく思います。
1469,interval,noun,2,15,（時間の）間隔；合間；隔たり；小休止,The city shuttle bus runs at intervals of five minutes.,その市のシャトルバスは5分間隔で走っている。
1470,circulation,noun,2,15,循環；流通；（新聞・雑誌の）発行部数,Good blood circulation helps the brain stay healthy.,良好な血液の循環は脳が健康でいる助けとなる。
1471,blade,noun,2,15,刃；（プロペラなどの）羽根；（草などの）葉,The company has decided to sell ceramic blades instead of metal ones.,その会社は金属刃の代わりにセラミックスの刃を販売することを決めた。
1472,theft,noun,2,15,窃盗（罪）,The greatest art theft in history occurred during World War II.,史上最大の美術品窃盗は第二次世界大戦中に起こった。
1473,vacuum,noun,2,15,真空；空虚,A rocket engine can operate in the vacuum of space.,ロケットエンジンは宇宙空間の真空の中で作動することができる。
1474,collision,noun,2,15,衝突；対立,There was a collision between two boats last night.,昨夜2隻の船による衝突があった。
1475,bargain,noun,2,15,買い得品；取引；契約,She found a good bargain at the market.,彼女は市場でお買い得品を見つけた。
1476,landmark,noun,2,15,（ある場所の）目印；画期的な出来事,Tokyo Skytree is one of the newest landmarks in Tokyo.,東京スカイツリーは東京の最も新しい目印の1つである。
1477,revenue,noun,2,15,歳入（⇔ expenditure 歳出）；収益,There was an increase of 5.2 percent in tax revenues last year.,昨年は5.2パーセントの税収の増加があった。
1478,treaty,noun,2,15,（国家間の）条約；協定,A lot of international treaties have been signed in Canada.,多くの国際条約がカナダで調印されてきた。
1479,supreme,adjective,2,15,最高の,"In many countries in the past, the king was the supreme authority.",昔は多くの国で，王は最高権力者だった。
1480,thorough,adjective,2,15,徹底的な；まったくの,The police's thorough investigation revealed the cause of the accident.,警察の徹底的な調査が事故の原因を明らかにした。
1481,naked,adjective,2,15,裸の,The artist won an award for his sculpture of the naked body.,その美術家は裸体の彫刻で賞を取った。
1482,sincere,adjective,2,15,心からの；誠実な,They all accepted her sincere apology.,彼らは皆，彼女の心からの謝罪を受け入れた。
1483,tame,adjective,2,15,飼いならされた，人に慣れた；退屈な,"Our cat is tame, but she is sometimes frightened of strangers.",私たちの猫は人に慣れているが，ときどき見知らぬ人を怖がる。
1484,insufficient,adjective,2,15,不十分な；不適当な,His salary is an insufficient amount for supporting his family.,彼の給料は彼の家族を養うには不十分な金額である。
1485,dim,adjective,2,15,薄暗い；ぼんやりした,The streetlights near my house are very dim.,私の家の近くの街灯はとても薄暗い。
1486,acute,adjective,2,15,（痛み・感情などが）激しい；（知覚などが）鋭い；急性の（⇔ chronic ⇒ 1198）,"Soon after eating oysters, she had an acute pain in her stomach.",カキを食べて間もなく，彼女は胃に激しい痛みを覚えた。
1487,disabled,adjective,2,15,障害のある；障害者用の,There are parking spaces prepared for physically disabled people.,身体障害者のために駐車スペースが用意されている。
1488,metropolitan,adjective,2,15,大都市の，首都圏の,A metropolitan area typically has a convenient transportation system.,大都市圏には概して便利な交通機関がある。
1489,monetary,adjective,2,15,金銭的な；金融の,He is not interested in objects of little monetary value.,彼は金銭的価値のほとんどない物には興味がない。
1490,alternate,adjective,2,15,代わりの（≒ alternative）；交互の,The hikers took an alternate route to the top of the mountain.,ハイカーたちは山頂まで代わりのルートを取った。
1491,partial,adjective,2,15,部分的な；不公平な（⇔impartial 公平な）,Reducing waste is only a partial solution to global warming.,ごみを減らすことは地球温暖化に対する部分的な解決策にすぎない。
1492,divine,adjective,2,15,神の；神にささげる,Sunlight is often used to represent divine grace or revelation.,太陽の光は神の恩寵や啓示を表すのによく使われる。
1493,drastic,adjective,2,15,徹底的な，抜本的な；極端な,The man made a drastic change in his daily eating habits.,その男性は毎日の食習慣に抜本的な変更を加えた。
1494,fierce,adjective,2,15,猛烈な；どう猛な,Their product survived fierce competition with another company's.,彼らの製品は他社の製品との猛烈な競争を乗り切った。
1495,sole,adjective,2,15,唯一の；単独の；独占的な,Newspapers were the sole source of information for people at that time.,新聞は当時の人々にとって唯一の情報源であった。
1496,spontaneous,adjective,2,15,自然発生的な；自発的な,He received spontaneous applause from the audience after his speech.,彼は演説の後，聴衆からの自然発生的な拍手を受けた。
1497,spatial,adjective,2,15,空間の,The man described the spatial layout of the room over the phone.,男性は電話で，その部屋の空間レイアウトを説明した。
1498,neat,adjective,2,15,きちんとした；見事な,Some people are unable to keep their rooms neat and clean.,自分の部屋をきちんとした清潔な状態に保つことができない人がいる。
1499,tidy,adjective,2,15,きちんとした，整頓された；相当の,She cannot put up with the house not being tidy.,彼女は家がきちんと片づいていないのを我慢できない。
1500,loyal,adjective,2,15,（～に）忠実な（to）；誠実な,Most of the employees in the company are loyal to their president.,その会社の従業員のほとんどは社長に忠実である。
1501,bless,verb,3,16,に恩恵を与える；に感謝する,This area is blessed with natural beauty.,この地域は自然の美しさに恵まれている。
1502,regain,verb,3,16,を取り戻す,"She fainted, but soon regained consciousness.",彼女は失神したが，すぐに意識を取り戻した。
1503,conform,verb,3,16,順応する；一致する,"While in Japan, Lucas tried to conform to Japanese customs.",日本にいる間，ルーカスは日本の慣習に順応しようとした。
1504,enroll,verb,3,16,登録する，入会する；を登録させる,He enrolled in a local gym to learn Latin dance.,彼はラテンダンスを習うために地元のジムに入会した。
1505,entitle,verb,3,16,に権利を与える；に題名をつける,Members of the store are entitled to a five percent discount.,その店の会員は5％の割引を受ける権利がある。
1506,halt,verb,3,16,を止める；止まる,The specialists were not able to halt the spread of this year's flu.,専門家たちは今年のインフルエンザの蔓延を食い止めることができなかった。
1507,provoke,verb,3,16,（感情・行動など）を引き起こす；を挑発する,The topic of immigration usually provokes emotional reactions.,移民の話題はたいてい感情的な反応を引き起こす。
1508,invade,verb,3,16,を侵略する；を侵害する；（場所）に殺到する,Animals usually do not invade the territories of other animals.,動物はたいていほかの動物の縄張りを侵略しない。
1509,squeeze,verb,3,16,押し入る；を押し込む；（を）搾る；（を）強く押す,The cat somehow squeezed through a gap in the fence.,その猫はなんとかフェンスの隙間に押し入って通った。
1510,crawl,verb,3,16,はう；ゆっくり進む,The baby crawled across the floor to his mother.,その赤ん坊は床をはって母親の所に行った。
1511,digest,verb,3,16,を消化する；を理解する；を要約する,It takes three to four hours to digest meat and fish.,肉や魚を消化するには3，4時間かかる。
1512,utter,verb,3,16,（声）を発する；（考えなど）を述べる,She was too shocked to utter a word at all.,彼女はひどくショックを受けて，言葉を発することがまったくできなかった。
1513,refrain,verb,3,16,控える,Politicians should refrain from using bad language.,政治家は汚い言葉を使うのを控えるべきである。
1514,populate,verb,3,16,に住む，の住民である；に人を住まわせる,Some scholars think the Ainu populated Hokkaido by the 13th century.,アイヌ民族は13世紀までには北海道に住みついたと考える学者もいる。
1515,accommodate,verb,3,16,を収容する；を（～に）適応させる（to）,The elevator accommodates up to 12 people.,そのエレベーターは最大12人まで収容する。
1516,steer,verb,3,16,（を）操縦する；を（～へ）向ける（to）,"As an experienced navigator, he steered the boat into the harbor.",経験豊かな航海士として，彼は船を操縦して入港させた。
1517,drown,verb,3,16,溺死する；を水浸しにする,The rowboat turned over and she nearly drowned in the lake.,手漕ぎボートがひっくり返り，彼女は湖で溺れて死ぬところだった。
1518,dip,verb,3,16,を浸す；（手など）を（～に）突っ込む（into / in）；下がる,She dips biscuits in tea before eating them.,彼女は食べる前に紅茶にビスケットを浸す。
1519,soak,verb,3,16,を浸す；をずぶぬれにする；浸る,She made pickles by soaking cucumbers in vinegar.,彼女はキュウリを酢に浸すことによってピクルスを作った。
1520,stir,verb,3,16,をかき回す；を揺り動かす,She stirred her tea with a spoon.,彼女はスプーンで紅茶をかき混ぜた。
1521,transplant,verb,3,16,を移植する；を移住させる,The surgeon successfully transplanted a heart into the child.,外科医は首尾よくその子供に心臓を移植した。
1522,reassure,verb,3,16,を安心させる,My mother reassured me that everything should go well.,私の母は万事うまくいくと私を安心させた。
1523,resume,verb,3,16,（を）再開する；を取り戻す,She resumed her career after two years of maternity leave.,彼女は2年間の産休の後，仕事を再開した。
1524,speculate,verb,3,16,（と）推測する；投機する,He speculated that life might exist on Mars.,彼は火星に生物が存在するかもしれないと推測した。
1525,surpass,verb,3,16,を上回る,Computers have surpassed the human mind in some aspects.,コンピューターはいくつかの点で人間の知力を上回った。
1526,appoint,verb,3,16,を任命する；（日時・場所など）を指定する,We all agreed to appoint Mr. White music director of our orchestra.,私たち全員が当オーケストラの音楽監督にホワイト氏を任命することに同意した。
1527,intrigue,verb,3,16,に興味を持たせる；陰謀を企てる,She was intrigued by the article about a recently discovered plant.,彼女は最近発見された植物に関する記事に興味を抱いた。
1528,decay,verb,3,16,腐敗する（≒ rot）；（徐々に）衰える,Fresh food easily decays in the summer.,夏の間は生鮮食品はすぐに腐敗する。
1529,contaminate,verb,3,16,を汚染する；を堕落させる,The oil spill from the ship contaminated the sea.,船からの石油流出が海を汚染した。
1530,swell,verb,3,16,膨張する，腫れる；を膨らませる,He noticed that his twisted wrist swelled greatly.,彼はひねった手首がひどく腫れていることに気づいた。
1531,delete,verb,3,16,を削除する，消す,You should delete spam messages right away.,すぐに迷惑メールを削除するべきだ。
1532,tolerate,verb,3,16,を許容する，我慢する（≒ put up with）,I just cannot tolerate his selfishness.,私はどうしても彼のわがままを我慢することができない。
1533,envy,verb,3,16,をうらやむ,Many writers envy her talent for literature.,多くの作家が彼女の文学の才能をうらやむ。
1534,pray,verb,3,16,（を）祈る,She prayed that her son might recover from his illness.,彼女は自分の息子が病気から回復するよう祈った。
1535,confess,verb,3,16,（を）告白する,He confessed to the judge that he did the crime.,彼は裁判官に自分がその罪を犯したと自白した。
1536,resign,verb,3,16,（を）辞任する；を放棄する,The minister resigned from his post due to his misuse of political funds.,大臣は政治資金の不正使用のせいでその職を辞任した。
1537,dissolve,verb,3,16,（を）溶かす；（議会など）を解散する；（契約など）を解消する；溶ける,She dissolved a vitamin C tablet in water.,彼女はビタミンCの錠剤を水に溶かした。
1538,unfold,verb,3,16,(閉じたもの)を開く；を明らかにする；開く；明らかになる,She unfolded the letter inside the envelope.,彼女は封筒の中の手紙を開いた。
1539,awaken,verb,3,16,を目覚めさせる；（～から）覚める（from）,He is often awakened by nightmares.,彼は悪夢で目覚めることが多い。
1540,conceive,verb,3,16,（を）思いつく；と想像する；（を）妊娠する,He conceived a new business plan while taking a bath.,彼は入浴中に新しい事業計画を思いついた。
1541,entrepreneur,noun,3,16,起業家，事業家,Japan has produced many young entrepreneurs in the IT field.,日本はIT分野において多くの若い起業家を輩出してきた。
1542,stake,noun,3,16,利害関係；(通例〜s)賭け金；杭,The company has a major stake in the project.,その会社はその事業に大きな利害関係を持っている。
1543,surplus,noun,3,16,余剰（⇔ shortage 不足），過剰；黒字,A surplus of apartment buildings has lowered the cost of rent.,アパート・マンションの過剰は家賃を低下させた。
1544,inflation,noun,3,16,インフレ（ーション）；（物価の）高騰,Pension payments should be increased in line with inflation.,年金の支払いはインフレに連動して増えるべきである。
1545,sweatshop,noun,3,16,搾取工場,Workers in sweatshops earn less than the minimum wage set by law.,搾取工場の労働者は法律に定められた最低賃金より稼ぎが少ない。
1546,clash,noun,3,16,衝突；対立；かち合うこと；ガチャンという音,There were violent clashes between police and demonstrators.,警察とデモ隊との激しい衝突があった。
1547,sociology,noun,3,16,社会学,She wants to major in sociology at college.,彼女は大学で社会学を専攻したいと思っている。
1548,ideology,noun,3,16,イデオロギー，思想傾向,Ideologies such as religious beliefs or political concepts can lead to war.,宗教的信条や政治的概念のようなイデオロギーは戦争につながりかねない。
1549,margin,noun,3,16,余白；差；利ざや,She wrote some notes in the margin of the page.,彼女はそのページの余白にメモを書いた。
1550,realm,noun,3,16,領域；領土,The writer decided to write about the realms of fantasy.,著者は空想の世界について書くことに決めた。
1551,domain,noun,3,16,分野；領域；ドメイン（＝ domain name）,Many Japanese have received major awards in the domain of physics.,多くの日本人が物理学の分野で主要な賞を受賞している。
1552,algorithm,noun,3,16,アルゴリズム；問題解決の手順,Computers are getting faster at processing algorithms these days.,最近，コンピューターはアルゴリズムの処理がより速くなりつつある。
1553,prairie,noun,3,16,大草原,A herd of buffalo inhabits the nearby prairie.,バッファローの群れが近くの大草原に生息している。
1554,frontier,noun,3,16,（通例the ～s）最先端；（the ～）国境；辺境地,Students can study at the frontiers of space engineering at this university.,この大学では学生たちは宇宙工学の最先端で研究できる。
1555,bullet,noun,3,16,銃弾,The police officer wears a special vest to protect himself from bullets.,その警官は銃弾から身を守るための特殊なチョッキを着ている。
1556,shield,noun,3,16,盾，防御物,The military has been creating a shield against missiles.,軍はミサイルに対する盾を作り出してきている。
1557,despair,noun,3,16,絶望,She quit her job and left in despair.,彼女は絶望して，仕事を辞め去っていった。
1558,radiation,noun,3,16,放射能，放射線,The biggest problem of a nuclear disaster is exposure to radiation.,原子力災害の最大の問題は放射能の被ばくである。
1559,placebo,noun,3,16,偽薬，プラシーボ；気休め,The doctor gave a placebo to the patient in the clinical trial.,医師は臨床試験においてその患者に偽薬を与えた。
1560,nursery,noun,3,16,託児所；苗床,Day care nurseries are available to pre-school children in the city.,保育用託児所は市内の就学前の子供が利用できる。
1561,spouse,noun,3,16,配偶者,The man is very glad that he has a supportive spouse.,その男性は自分に支えとなる配偶者がいることをとてもうれしく思っている。
1562,makeup,noun,3,16,化粧；化粧品；構成；性質,"Before the play, the actors put on costumes and makeup.",芝居の前に，役者たちは衣装を身につけ化粧をした。
1563,mummy,noun,3,16,ミイラ；（英）ママ，お母さん（＝ （米）mommy）,The mummy found in the tomb was buried with a lot of gold.,その墓で見つかったミイラは多くの金製品とともに埋葬されていた。
1564,flesh,noun,3,16,（人・動物の）肉；果肉,The trap had cut deeply into the rabbit's flesh.,そのわなはウサギの肉に深く食い込んでいた。
1565,limb,noun,3,16,手足,He stretched his long limbs just after he got out of bed.,彼はベッドから出た直後にその長い手足を伸ばした。
1566,odor,noun,3,16,におい；気配,Dogs can detect odors that humans cannot notice.,犬は人間が気づくことのできないにおいを感知することができる。
1567,laundry,noun,3,16,洗濯（物）；クリーニング店,On Sundays he does the laundry and cleans his room.,日曜日には彼は洗濯をし，部屋を掃除する。
1568,tide,noun,3,16,潮（の干満）；動向,I cannot tell whether the tide is going out or coming in.,潮が引いているのか満ちているのか，私にはわからない。
1569,questionnaire,noun,3,16,アンケート,"If you have time, please answer the questionnaire.",お時間があるようでしたら，アンケートに答えてください。
1570,nonsense,noun,3,16,ばかげた物（話，考え）；無意味な言葉,John should have known better than to say such nonsense.,ジョンはそのようなばかなことを言わないだけの分別があるべきだった。
1571,revenge,noun,3,16,復讐,He was determined to take revenge on his political enemies.,彼は彼の政敵に復讐する決意を固めた。
1572,intellect,noun,3,16,知性；（the 〜（s））知識人,He thinks that he is a man of superior intellect.,彼は自分がすぐれた知性を持つ人間だと思っている。
1573,hospitality,noun,3,16,親切なもてなし，歓待；受容性,The Japanese hotel shows great hospitality towards its guests.,その日本のホテルは客に対してすばらしいもてなしをする。
1574,librarian,noun,3,16,司書，図書館員,The librarian recommended this book as a reference on English grammar.,その司書は英文法に関する参考図書としてこの本を薦めてくれた。
1575,manuscript,noun,3,16,（手書きの）原稿；写本,The writer's manuscript has been kept in the university library.,その作家の原稿は大学の図書館に保管されている。
1576,obsession,noun,3,16,（考えなどに）取りつかれること；妄想；強迫観念,She seemed to have an obsession with losing weight.,彼女は痩せることに取りつかれているように見えた。
1577,hygiene,noun,3,16,衛生（状態）；健康法,The hospital's standard of hygiene is high.,その病院の衛生基準は高い。
1578,paradigm,noun,3,16,理論的枠組み，パラダイム；模範,The professor introduced a new paradigm into linguistic studies.,その教授は言語学研究に新たな理論的枠組みを取り入れた。
1579,legitimate,adjective,3,16,合法的な；妥当な,He has three offshore companies for legitimate tax avoidance purposes.,彼は合法的な租税回避の目的で海外の会社を3つ持っている。
1580,authentic,adjective,3,16,本物の；信頼できる,She was moved by the authentic works by Picasso at the museum.,彼女はその美術館でピカソの本物の作品に感動した。
1581,empirical,adjective,3,16,経験的な；経験主義の,The teacher explained how to collect empirical evidence.,その教師は経験的証拠の集め方を説明した。
1582,immense,adjective,3,16,膨大な,There are immense varieties of chilies in Mexico.,メキシコには膨大な種類のトウガラシがある。
1583,absurd,adjective,3,16,ばかげた；不合理な,Many people think that legalizing drugs is an absurd idea.,多くの人は麻薬を合法化するのはばかげた考えだと思っている。
1584,weird,adjective,3,16,異様な（≒ bizarre），奇妙な,I have been having very weird dreams these days.,私は最近よくとても奇妙な夢を見る。
1585,accidental,adjective,3,16,偶然の；過失による,Their accidental meeting led to a successful partnership.,彼らの偶然の出会いがすばらしい協力関係につながった。
1586,uneasy,adjective,3,16,不安な；落ち着かない；ぎこちない,Young people tend to feel uneasy about the future.,若者は将来に関して不安な気持ちになる傾向がある。
1587,jealous,adjective,3,16,嫉妬深い；用心深い,His friend was jealous of his cooking skills.,彼の友人は彼の料理の腕前に嫉妬していた。
1588,feminine,adjective,3,16,女らしい（⇔ masculine ⇒ 1681）,She prefers to dress in a feminine way.,彼女は女性らしい服装をすることを好む。
1589,swift,adjective,3,16,素早い,The rescue of victims requires swift action.,被害者の救出は素早い行動を必要とする。
1590,hollow,adjective,3,16,空洞の；空虚な；うわべだけの,"As she had not eaten anything, her stomach felt hollow.",彼女は何も食べていなかったので，胃が空っぽの感じがした。
1591,crude,adjective,3,16,大まかな；粗野な；未精製の,He read a crude summary of the novel.,彼はその小説の大まかな要約を読んだ。
1592,sore,adjective,3,16,痛い；腹が立って,I have a sore throat due to a cold.,私は風邪のせいでのどが痛い。
1593,pessimistic,adjective,3,16,悲観的な（⇔ optimistic ⇒ 882）,You should not be pessimistic about your future.,君は将来について悲観的になってはいけない。
1594,vain,adjective,3,16,無駄な；うぬぼれた,I tried in vain to persuade him to get along with his father.,私は，彼を説得して父親とよい関係を築かせようとしたが無駄だった。
1595,susceptible,adjective,3,16,（～の）影響を受けやすい（to）；感染しやすい,"Most food is susceptible to heat, so it is wise to store it in a cool place.",たいていの食品は熱の影響を受けやすいので，涼しい場所に保管するのが賢明である。
1596,edible,adjective,3,16,食用の，食べられる,My grandfather is good at picking out edible mushrooms in the forest.,私の祖父は森で食用キノコを選び出すことが得意である。
1597,sheer,adjective,3,16,純然たる，真の；すごい；（布が）薄地の,The girl appears to be a sheer genius in science.,その少女は科学分野における真の天才のようだ。
1598,explicit,adjective,3,16,明白な（⇔ implicit ⇒ 1795）；率直な,He always gives us explicit instructions.,彼はいつも私たちに明白な指示をくれる。
1599,prone,adjective,3,16,（～に）なりやすい（to）；（…する）傾向がある（to do）,"If you work without a break, you become more prone to error.",休憩を取らずに働いていると，間違いをもっと犯しやすくなる。
1600,affluent,adjective,3,16,裕福な；豊富な,Advertisers are targeting society's affluent groups.,広告主たちは社会の富裕層をターゲットにしている。
1601,collaborate,verb,3,17,共同して働く；（～に）協力する（with）,Researchers from many countries collaborated to analyze the data.,多くの国の研究者が共同してそのデータを分析した。
1602,exert,verb,3,17,を及ぼす；（力など）を行使する,The state government exerts great influence on the possession of guns.,州政府は銃の所持に関して大きな影響を及ぼす。
1603,excel,verb,3,17,（～で）秀でている（in / at）；に勝る,The country excels at inventing electronic devices and parts.,その国は電子機器や部品を発明するのに秀でている。
1604,prosper,verb,3,17,栄える，成功する；繁殖する,Jack prospered in business in his hometown.,ジャックは故郷で事業に成功した。
1605,surge,verb,3,17,殺到する；（感情が）こみ上げる；急騰する,Visitors surged through the gates to the entrance of the museum.,来場者はゲートを通り抜け博物館の入り口に殺到した。
1606,intervene,verb,3,17,（～に）介入する（in）；介在する,The police do not usually intervene in family disputes.,警察は通常，家庭争議に介入しない。
1607,insert,verb,3,17,を挿入する,He inserted an IC card into the ticket machine.,彼は券売機にICカードを挿入した。
1608,overtake,verb,3,17,を追い抜く；に追いつく（≒ catch up with）；（災難・強い感情などが）を襲う,It is dangerous to overtake a car on an inside lane.,内側車線で車を追い抜くのは危険である。
1609,snap,verb,3,17,をパチンと鳴らす；をポキッと折る；ポキッと折れる；パチンと音を立てる,She snapped her fingers while listening to music.,彼女は音楽を聞いている間，指をパチンと鳴らした。
1610,carve,verb,3,17,を彫る；を切り開く；（肉）を切り分ける,He carved the marble into the shape of a bird.,彼は大理石を彫って鳥の形にした。
1611,addict,verb,3,17,（受身形で）（～の）中毒になる（to）；（～に）凝る,Many people have become addicted to online games.,多くの人がオンラインゲームの中毒になっている。
1612,condemn,verb,3,17,を非難する；（受身形で）（～の刑を）宣告される（to）,The press condemned the movie producer for his immoralities.,報道機関はその映画製作者を不道徳な行為ゆえに非難した。
1613,convict,verb,3,17,に有罪を宣告する,There is not enough evidence to convict him.,彼に有罪を宣告するに足る十分な証拠がない。
1614,dictate,verb,3,17,を指図する；を書き取らせる；を規定する,He dictated to his secretary how to do her job.,彼は自分の秘書に仕事の仕方を指図した。
1615,prescribe,verb,3,17,（薬など）を処方する；を規定する,The doctor prescribed some medicine for my high blood pressure.,医師は私の高血圧の薬を処方した。
1616,inhibit,verb,3,17,を抑制する；を妨げる,Seeing certain colors seems to inhibit anger.,ある色を見ると怒りを抑制するように思える。
1617,stray,verb,3,17,はぐれる，（道に）迷う,The cow strayed from the rest of the herd.,その牛は群れのほかの牛たちからはぐれた。
1618,roam,verb,3,17,（を）歩き回る；放浪する,He likes to roam the streets for shopping on his day off.,彼は休日には買い物のために通りを歩き回るのが好きである。
1619,enclose,verb,3,17,を同封する；を取り囲む,We have enclosed a catalog detailing our products.,当社の製品を詳述するカタログを同封しました。
1620,execute,verb,3,17,を実行する；を処刑する,My team plans and executes the company's strategy.,私のチームは会社の戦略を立て，実行する。
1621,coincide,verb,3,17,同時に起こる；一致する,My mother's birthday sometimes coincides with Mother's Day.,私の母の誕生日はときどき母の日と同じ日になる。
1622,lag,verb,3,17,遅れる；徐々に弱まる,We lag far behind our competitors in productivity.,我が社は生産性においてライバル会社よりはるかに遅れている。
1623,cling,verb,3,17,しがみつく；くっつく,The boy was clinging to his mother at the clinic.,その男の子は診療所で母親にしがみついていた。
1624,erase,verb,3,17,を消す,We sometimes wish we could erase some of our memories.,私たちはときどき自分の記憶のいくつかを消すことができればいいのにと思う。
1625,grind,verb,3,17,（穀物など）をひく,Mr. Brown's shop roasts and grinds coffee every day for his customers.,ブラウン氏の店は毎日客のためにコーヒー豆を焙煎してひく。
1626,knit,verb,3,17,を編む；を結合する；編み物をする,Mary is knitting a sweater for her baby.,メアリーは自分の赤ちゃんのためにセーターを編んでいる。
1627,inquire,verb,3,17,（を）尋ねる,She inquired the way to the police station.,彼女は交番への道を尋ねた。
1628,betray,verb,3,17,をうっかり表す；を裏切る,Our tone often betrays our thoughts and feelings.,私たちの口調は私たちの考えや気持ちをうっかり表すことがよくある。
1629,leak,verb,3,17,漏れる；を漏らす,They did not know why the secret information leaked to outsiders.,彼らはなぜ部外者に機密情報が漏れたのかわからなかった。
1630,smash,verb,3,17,を粉砕する；を強打する；粉々に壊れる；激突する,Someone smashed the window of his car and stole the audio equipment.,だれかが彼の車の窓を粉砕し，オーディオ装置を盗んだ。
1631,bounce,verb,3,17,跳ねる；反射する；を弾ませる；（Eメールが）（宛先不明で）返送される,The three children bounced up and down on the bed.,3人の子供たちはベッドの上でぴょんぴょん跳ねた。
1632,sprawl,verb,3,17,（都市などが）不規則に広がる；だらしなく手足を伸ばす,"As towns and cities sprawl, fields and forests shrink.",町や市が不規則に広がるにつれ，野原や森は縮小する。
1633,converse,verb,3,17,（～と）会話をする（with）,Anna can converse with perfect strangers about any topic.,アナはどんな話題についてもまったく見知らぬ人と会話することができる。
1634,recite,verb,3,17,を暗唱する；を詳述する,He can recite famous lines from Shakespeare from memory.,彼は記憶を頼りにシェークスピアの有名なせりふを暗唱することができる。
1635,disregard,verb,3,17,を無視する；を軽視する,She disregarded her doctor's advice and continued to eat sweets.,彼女は医師の忠告を無視し，甘い物を食べ続けた。
1636,frown,verb,3,17,眉をひそめる,She frowned at the noisy students on the train.,彼女は電車の中で騒がしい学生たちに眉をひそめた。
1637,evoke,verb,3,17,を呼び起こす,The piece of music evoked memories of his youth.,その楽曲は彼の若いころの記憶を呼び起こした。
1638,pledge,verb,3,17,を誓う，約束する；を与えることを約束する,The country must pledge to work with other countries for world peace.,その国は世界平和のために他の国々と協力することを約束しなければならない。
1639,aspire,verb,3,17,（～を）熱望する（to）,My brother aspires to be a top basketball player.,私の兄は一流のバスケットボール選手になることを熱望している。
1640,contemplate,verb,3,17,（を）熟考する；を予想する,She has been contemplating changing her career.,彼女は転職をずっと熟考している。
1641,grace,noun,3,17,優美，優雅；分別；（神の）恩寵,She is blessed with the natural grace of movement.,彼女は生まれつきの身のこなしの優雅さに恵まれている。
1642,enlightenment,noun,3,17,啓蒙，啓発,The newspaper's mission is to bring enlightenment to the masses.,新聞の使命は大衆を啓蒙することである。
1643,commerce,noun,3,17,商業；貿易,Commerce and free trade bring benefits to the country.,商業と自由貿易はその国に利益をもたらす。
1644,draft,noun,3,17,下書き；為替手形；隙間風,She made a rough draft of her speech.,彼女は自分のスピーチの大ざっぱな下書きを書いた。
1645,barrel,noun,3,17,バレル（液量の単位）；たる,The price for a barrel of oil has been slowly increasing.,石油1バレル当たりの価格は緩やかに上昇している。
1646,timber,noun,3,17,（英）木材（≒（米）lúmber）；樹木,There are clear advantages to using timber for building a house.,家を建てるのに木材を使用することには明白な利点がある。
1647,garment,noun,3,17,衣服,The girl loves to wear the knitted garment made by her mother.,その少女は母親に編んでもらったニットの服を着るのが大好きである。
1648,thread,noun,3,17,糸；（議論などの）筋道,This kimono is sewn with gold and silver thread.,この着物は金糸と銀糸で縫われている。
1649,cabinet,noun,3,17,（しばしば the C-）内閣；戸棚,The prime minister is going to reorganize the Cabinet this year.,首相は今年内閣を改造するつもりである。
1650,bureau,noun,3,17,（官庁の）局；事務局；案内所,The Immigration Bureau is not in charge of granting work visas.,移民局は労働ビザの発給を担当していない。
1651,autonomy,noun,3,17,（個人の）自律；自治（権）；自治体,Western culture emphasizes personal autonomy and freedom of speech.,西欧文化は個人の自律と言論の自由を重視する。
1652,toll,noun,3,17,損害（の程度）；死傷者数；通行料,Anxiety can take a toll on our mental and physical health.,不安は私たちの精神と肉体の健康に損害を及ぼしかねない。
1653,discourse,noun,3,17,話し合い，会話；講演；論説,I hope for lively discourse at the meeting.,私は会合での活発な話し合いを願っている。
1654,superstition,noun,3,17,迷信,It is not worth believing such a childish superstition.,そのような子供じみた迷信を信じる価値はない。
1655,glimpse,noun,3,17,ちらりと見えること,He caught a glimpse of the aurora while in Alaska.,彼はアラスカに滞在中にオーロラをちらりと見た。
1656,arithmetic,noun,3,17,計算；算数,He reviewed his arithmetic and realized he made a mistake.,彼は計算を見直し，間違いをしたことに気づいた。
1657,glossary,noun,3,17,用語小辞典；用語集,He referred to the glossary to understand Shakespeare.,彼はシェークスピアを理解するために用語小辞典を参照した。
1658,archive,noun,3,17,（しばしば～s）記録文書，公文書；公文書保管所；（コンピューターの）アーカイブ,We can get information from the archives of the local history museum.,私たちは郷土歴史資料館の記録文書から情報を得ることができる。
1659,legacy,noun,3,17,遺産,Future generations will be left with a legacy of plastic pollution.,未来の世代はプラスチック汚染という遺産を残されることになる。
1660,anthropology,noun,3,17,人類学,He studied anthropology because he was interested in culture.,彼は文化に興味があったので，人類学を研究した。
1661,rage,noun,3,17,激怒；猛威,People should stop themselves from expressing their rage online.,人々はオンライン上で自分の怒りを表すことをやめるべきである。
1662,sorrow,noun,3,17,悲しみ,Nothing could relieve her deep sorrow at the death of her pet.,ペットの死に対する彼女の深い悲しみを和らげるものは何もなかった。
1663,psychiatrist,noun,3,17,精神科医,He sees a psychiatrist to help him understand his feelings.,彼は自分の気持ちを理解する助けとなるように精神科医にかかっている。
1664,ward,noun,3,17,行政区；病棟,"In 2002, Chiyoda Ward in Tokyo banned smoking on some sidewalks.",2002年，東京都千代田区は一部の歩道での喫煙を禁止した。
1665,stall,noun,3,17,露店；エンスト；失速,He bought some noodles at a stall in Taipei.,彼は台北の露店でめん料理を買った。
1666,flame,noun,3,17,炎；情熱,"Notre Dame de Paris went up in flames on April 15, 2019.",パリのノートルダム大聖堂は2019年4月15日に炎上した。
1667,moisture,noun,3,17,水分；湿気,Leaves absorb moisture from the damp air.,葉は湿った空気から水分を吸収する。
1668,irony,noun,3,17,皮肉,The remarried couple got divorced again by the irony of fate.,再婚した夫婦が運命の皮肉で再び離婚した。
1669,warrior,noun,3,17,戦士,"In the story, the woman was the most brave warrior in the land.",物語では，その女性がその国で最も勇敢な戦士だった。
1670,astronomy,noun,3,17,天文学,The professor became famous for his discoveries in astronomy.,その教授は天文学上の発見で有名になった。
1671,probe,noun,3,17,（無人）宇宙探査機；（～の）精査（into）；探り針,The space probe returned to the earth after a long trip.,その宇宙探査機は長い旅を終え地球に帰還した。
1672,altitude,noun,3,17,高度，標高,"The explorer discovered a village at an altitude of around 2,500 meters.","探検家は標高約2,500メートルにある村を発見した。"
1673,tumor,noun,3,17,腫瘍；腫れ物,He had the tumors in his right lung surgically removed.,彼は右肺の腫瘍を手術で取り除いてもらった。
1674,defect,noun,3,17,欠陥；不足,A defect in the electrical system caused the fire.,電気系統の欠陥がその火災を引き起こした。
1675,sanitation,noun,3,17,公衆衛生（学）；下水（衛生）設備,Public sanitation needs to be at the top of the world's agenda.,公衆衛生は世界の課題の最優先事項である必要がある。
1676,longevity,noun,3,17,長寿；寿命；長年勤続,The twin sisters enjoyed their health and longevity.,その双子の姉妹は自らの健康と長寿を享受した。
1677,scope,noun,3,17,（活動・能力などの）範囲；余地,The police are expanding the scope of the investigation.,警察は捜査の範囲を広げている。
1678,sentiment,noun,3,17,感情；感想；感傷,Public sentiment against terrorism has increased in the country.,反テロリズムの国民感情がその国で高まった。
1679,plausible,adjective,3,17,もっともらしい,He gave a plausible explanation for making the floor wet.,彼は床をぬらしたことについてもっともらしい説明をした。
1680,vigorous,adjective,3,17,精力的な；激しい；活力のある,They are making vigorous efforts to complete the new project.,彼らは新しいプロジェクトを完了するために精力的な努力をしている。
1681,masculine,adjective,3,17,男らしい（⇔ féminine ⇒ 1588）,The little boy already shows a lot of masculine qualities.,その幼い少年はすでにたくさんの男らしい性質を示している。
1682,rigid,adjective,3,17,厳しい；硬直した,His rigid attitude at work upsets his coworkers.,仕事中の彼の厳しい態度は同僚たちをうろたえさせる。
1683,adverse,adjective,3,17,不都合な；逆の,The new medicine may have adverse effects on patients' skin.,その新薬は患者の肌に悪影響があるかもしれない。
1684,coherent,adjective,3,17,一貫した，筋の通った；結束した,She gave a coherent explanation of the incident.,彼女はその事件に関して一貫した説明をした。
1685,literal,adjective,3,17,文字どおりの；逐語的な；散文的な,He took his classmate's joke in the literal sense.,彼は級友の冗談を文字どおりの意味にとった。
1686,arbitrary,adjective,3,17,恣意的な；独断的な,"He did not know what food to order, so he just made an arbitrary selection.",彼はどの食べ物を注文していいかわからなかったので，単に恣意的な選択をした。
1687,anonymous,adjective,3,17,匿名の,The company posted anonymous reviews of their own products.,その会社は自社製品についての匿名のレビューを投稿した。
1688,antique,adjective,3,17,骨董の，アンティークの；古風な,It is hard to tell good things from junk at antique shops.,骨董店ではよいものをがらくたから見分けるのが難しい。
1689,eternal,adjective,3,17,永遠の；不変の,The cosmetic company is doing a search on eternal youth.,その化粧品会社は永遠の若さを探究している。
1690,intermediate,adjective,3,17,中級の；中間の,This book is aimed at students at the intermediate level.,この本は中級レベルの学生に向けたものである。
1691,subordinate,adjective,3,17,（～より）下位の（to）；副次的な,He did not like being in a subordinate position to his younger colleagues.,彼は年下の同僚たちより下位の立場であることを好まなかった。
1692,gloomy,adjective,3,17,陰気な；薄暗い；悲観的な,She is in a gloomy mood as it has been raining for three days.,3日間雨が降り続いているので，彼女は陰気な気分だ。
1693,thermal,adjective,3,17,熱の，熱による；保温用の,Most electricity in Japan is generated at thermal power stations.,日本のほとんどの電力は火力発電所で生み出される。
1694,faint,adjective,3,17,かすかな；めまいがする；弱々しい,He noticed that a faint light was shining behind the clouds.,彼はかすかな光が雲の後ろで光っているのに気づいた。
1695,naive,adjective,3,17,お人よしの，愚直な；純朴な,My grandmother is so naive as to believe obvious lies.,私の祖母は明らかなうそを信じるほどお人よしである。
1696,apt,adjective,3,17,（…する）傾向がある（to do）；適切な；利発な,A careless person is apt to make the same mistakes.,不注意な人は同じ間違いをする傾向がある。
1697,arrogant,adjective,3,17,横柄な，傲慢な,His arrogant behavior isolates him from everyone else.,彼の横柄な態度は彼をほかのすべての人から孤立させる。
1698,extrovert,adjective,3,17,外向的な；社交的な,His extrovert speaking style helped him make many friends.,彼の外向的な話し方は彼が多くの友人を作る助けとなった。
1699,conspicuous,adjective,3,17,目立つ,She was conspicuous in wearing a red dress at the party last night.,彼女は昨夜パーティーで赤いドレスを着ていて目立っていた。
1700,intact,adjective,3,17,損なわれていない，手つかずの,We should try to keep the world's remaining jungles intact.,私たちは世界中の残存しているジャングルを手つかずのままにしておくよう努めるべきである。
1701,embody,verb,3,18,を具現する；を包含する,The law must embody the concept of justice.,法律は正義の概念を具現しなければならない。
1702,illuminate,verb,3,18,を照らす；を解明する,The garden is illuminated by rows of LED lights.,庭は何列にも並んだLED照明によって照らされている。
1703,console,verb,3,18,を慰める,I consoled her on the loss of her cat.,私は彼女が飼い猫を亡くしたことについて彼女を慰めた。
1704,verify,verb,3,18,の正しさを証明（確認）する,Passports verify travelers' identity when crossing borders.,パスポートは国境を越える際に旅行者の身元を証明する。
1705,disclose,verb,3,18,を公表する，暴く,Ken disclosed the company secret to his friends and got fired.,ケンは友人たちに会社の秘密を暴露して首になった。
1706,stack,verb,3,18,を積む，積み重ねる；（～ up で）（車が）渋滞する,The chairs in the room are stacked in three neat piles.,その部屋の椅子は３つの山にきちんと積み重ねられている。
1707,rotate,verb,3,18,回転する；循環する；を回転させる,"The earth rotates about 1,700 kilometers per hour.","地球は時速約1,700キロメートルの速さで自転している。"
1708,constrain,verb,3,18,に（…することを）強いる（to do）；を抑える,He was constrained to work in harsh conditions.,彼は厳しい条件で働くことを強いられた。
1709,hinder,verb,3,18,を妨げる,Her lack of experience hindered her from finding a good job.,彼女の経験不足は彼女がいい仕事を見つけるのを妨げた。
1710,withstand,verb,3,18,に耐える,Most modern architecture withstands natural disasters well.,たいていの現代建築は自然災害によく耐える。
1711,tweet,verb,3,18,（を）ツイートする，つぶやく,Many people tweet about their daily lives on their smartphones.,多くの人がスマートフォンで日常生活についてツイートする。
1712,sneeze,verb,3,18,くしゃみをする,He sneezed after breathing the cold wind when he opened the front door.,彼は玄関を開けたとき，冷たい風を吸ってくしゃみをした。
1713,erupt,verb,3,18,（火山が）噴火する；勃発する,"If the volcano erupts, it will cause enormous damage.",その火山が噴火すると，それは甚大な被害を引き起こすことになる。
1714,blur,verb,3,18,をぼかす；を曇らせる；をあいまいにする,You may blur your vision if you gaze at a bright light too much.,明るい光を見つめすぎると，視界がぼやけるかもしれない。
1715,overlap,verb,3,18,（一部）重なる；（と）重複（共通）する,The concepts of intelligence and wisdom overlap.,知能と知恵の概念は一部重なる。
1716,embed,verb,3,18,（通例受身形で）埋め込まれる，はめ込まれる,Smartphones are deeply embedded in our daily lives.,スマートフォンは私たちの日常生活に深く組み込まれている。
1717,displace,verb,3,18,に取って代わる（≒ replace）；を移動させる,Robots are displacing human workers in many workplaces.,多くの職場でロボットが人間の労働者に取って代わっている。
1718,render,verb,3,18,を（ある状態に）する；（援助など）を与える,The power failure rendered the laboratory useless.,停電は実験室を使えなくした。
1719,plunge,verb,3,18,（～に）（を）突っ込む（into）；没頭する；陥る,The children plunged into the swimming pool one by one.,子供たちは１人ずつプールに飛び込んだ。
1720,surrender,verb,3,18,を放棄する，引き渡す；（～に）屈する（to）,They finally surrendered their weapons to the police.,彼らはようやく警察に武器を引き渡した。
1721,plug,verb,3,18,（plug in で）のプラグを電源に差し込む；を（～で）ふさぐ（with）,He plugged in the game console and started playing immediately.,彼はゲーム機のプラグを電源に差し込み，すぐにゲームを始めた。
1722,suck,verb,3,18,（を）吸う；（を）しゃぶる,"She sucked a deep breath, sending the fresh air to her lungs.",彼女は深く息を吸い，新鮮な空気を肺に送った。
1723,mock,verb,3,18,をばかにする（≒ make fun of）；のまねをしてからかう,He felt bad when someone mocked his repeated mistakes.,彼はだれかが自分の度重なる失敗をばかにしたとき，嫌な気分になった。
1724,tease,verb,3,18,（を）からかう；をいじめる,He often teased his younger brother for being shorter than him.,彼は自分より背が低いことでよく弟をからかった。
1725,soothe,verb,3,18,をなだめる；を和らげる,Her words helped a lot to soothe the crying child.,彼女の言葉は泣いている子供をなだめるのに大いに役立った。
1726,stain,verb,3,18,を汚す；に着色する,I stained my sweater with spilled tomato juice.,私はトマトジュースをこぼしてセーターを汚した。
1727,shun,verb,3,18,を避ける,Some teenagers shun their parents in front of their friends.,ティーンエージャーの中には友人の前では自分の親を避ける者もいる。
1728,stumble,verb,3,18,よろけながら歩く；（～に）つまずく（on / over）,She stumbled on a rough road.,彼女はでこぼこ道をよろけながら歩いた。
1729,flush,verb,3,18,を紅潮させる；を水で流す；紅潮する,Her face was flushed with embarrassment.,彼女の顔は恥ずかしさで紅潮していた。
1730,impair,verb,3,18,を損なう,Frequent use of smartphones may impair normal brain function.,スマートフォンの頻繁な使用は正常な脳の働きを損なうかもしれない。
1731,presume,verb,3,18,と思う；と推定する；を前提とする,I presume that he earns a lot of money as a business owner.,彼は事業主として大金を稼いでいると思う。
1732,contend,verb,3,18,と主張する；競う,He contends that he never said such a thing.,彼は自分は決してそのようなことを言っていないと主張している。
1733,roar,verb,3,18,うなる，ほえる；大笑いする,You rarely hear a tiger or a lion roar in a zoo.,動物園でトラやライオンがほえるのを聞くことはめったにない。
1734,haunt,verb,3,18,（記憶・考えなどが）につきまとう；（幽霊などが）に出る；によく行く,The suspicion that Steven has been lying for a year haunts her.,スティーブンは１年間うそをついていたのではないかという疑念が彼女につきまとっている。
1735,divert,verb,3,18,（注意など）をそらす；を迂回させる；（資金など）を転用する,His speech was intended to divert attention from the current problems.,彼の演説は，今起きている問題から注意をそらすように意図されていた。
1736,await,verb,3,18,を待つ（≒ wait for）,The students are anxiously awaiting their new teacher.,学生たちは新任の教師を心待ちにしている。
1737,fetch,verb,3,18,を（行って）持って（連れて）くる,He fetched the dishes from the kitchen and set them out on the table.,彼は台所から皿を持ってきて，それらをテーブルの上に並べた。
1738,unify,verb,3,18,を統合（統一）する；統一される,The politician succeeded in unifying the country.,その政治家は国を統一することに成功した。
1739,inspect,verb,3,18,を点検する；を視察する,Customs officers inspect baggage of international travelers.,税関職員は海外旅行者の手荷物を点検する。
1740,entail,verb,3,18,を伴う，引き起こす；（…することを）含む（doing）,"The strategy entails great risk, but it is worth trying.",その戦略は大きなリスクを伴うが，やってみる価値がある。
1741,tactics,noun,3,18,作戦，方策；戦術，戦法,"If you use these sales tactics, you will succeed.",こうした販売作戦を使えば，あなたは成功するでしょう。
1742,feat,noun,3,18,偉業，功績；妙技,She accomplished a feat of winning three championships in a row.,彼女は３回連続して優勝するという偉業を成し遂げた。
1743,prestige,noun,3,18,名声；（形容詞的に）名声のある,Japanese anime's prestige throughout the world has risen sharply.,日本のアニメの世界中での名声は急激に高まった。
1744,analogy,noun,3,18,類推；類似,He supported his view by analogy with another view.,彼は別の見解との類推によって自分の見解を立証した。
1745,conscience,noun,3,18,良心；分別,It goes against my conscience to accept dishonest money.,不正な金を受け取ることは私の良心に反する。
1746,textile,noun,3,18,織物；繊維（産業）,The company exports cotton textiles to five countries around the world.,その会社は世界の５つの国に綿織物を輸出している。
1747,deficit,noun,3,18,赤字，不足；欠陥,We have to make up the deficit immediately.,私たちはすぐに赤字の埋め合わせをしなければならない。
1748,plague,noun,3,18,疫病；（害虫などの）異常発生,Thousands of people died due to plagues and famines.,疫病と飢饉が原因で数千人が亡くなった。
1749,hazard,noun,3,18,危険（要素）；偶然,Many people still smoke despite the health hazards of cigarettes.,多くの人がタバコの健康に対する危険性にもかかわらずいまだに喫煙している。
1750,metabolism,noun,3,18,（新陳）代謝，代謝作用,Lack of sleep is not good for the body's metabolism.,睡眠不足は体の新陳代謝にとってよくない。
1751,paralysis,noun,3,18,麻痺；（比喩的に）麻痺（状態）,A stroke caused paralysis of the left side of his body.,脳卒中の発作は彼の左半身の麻痺を引き起こした。
1752,grid,noun,3,18,（電気などの）供給網；格子（模様）；碁盤目,The energy-storage revolution will improve the electricity grid.,エネルギー貯蔵における革命は電気供給網を改善するだろう。
1753,carriage,noun,3,18,馬車；車両（＝（米）car）；立ち居振舞い；（英）輸送,The soldiers saluted the queen in her carriage.,兵士たちは馬車の中の女王に敬礼した。
1754,friction,noun,3,18,不和；摩擦,Trade imbalances caused friction between America and Mexico.,貿易不均衡はアメリカとメキシコの間に不和を引き起こした。
1755,rebel,noun,3,18,反逆者,The government forces are preparing to fight anti-government rebels.,政府軍は反政府の反逆者たちと戦う準備をしている。
1756,regime,noun,3,18,政権，政体；体制,The dictator punished anyone who criticized the regime.,その独裁者は政権を批判する者はだれでも処罰した。
1757,monopoly,noun,3,18,独占（権）,The company maintains a virtual monopoly in the market.,その会社はその市場で事実上の独占を維持している。
1758,staple,noun,3,18,必需食品；主要産物,"To the Dutch, milk and cheese are staples.",オランダ人にとって，牛乳とチーズは必需食品である。
1759,merchandise,noun,3,18,商品,The store has a wide selection of merchandise.,この店は商品を幅広く取りそろえている。
1760,vendor,noun,3,18,物売り，行商人；自動販売機,We found a street vendor selling ice cream.,私たちはアイスクリームを売る露店商を見つけた。
1761,supervisor,noun,3,18,監督者；指導教員,"If you have a problem, please consult with your supervisor.",問題があれば，監督者に相談してください。
1762,predecessor,noun,3,18,前任者（⇔ successor 後継者）；前のもの,"At first, the new manager followed the instructions from her predecessor.",最初，新しい部長はその前任者からの指示に従った。
1763,personnel,noun,3,18,（集合的に）職員，社員,The sales personnel attended a special training at headquarters.,営業部職員は本社での特別研修に参加した。
1764,vessel,noun,3,18,船舶；容器；（体液が通る）脈管,A Portuguese trading vessel is headed for the coast of India.,ポルトガル船籍の商船がインド沿岸に向かっている。
1765,liver,noun,3,18,肝臓,Drinking alcohol can damage the liver.,飲酒は肝臓に損傷を与える可能性がある。
1766,duration,noun,3,18,（時間の）継続，持続（時間）,We made a contract with a five-year duration with the company.,私たちはその会社と５年継続の契約を結んだ。
1767,certificate,noun,3,18,証明書；免許状,You should submit a birth certificate within 14 days after your child's birth.,子の誕生後，14日以内に出生証明書を提出するべきである。
1768,geometry,noun,3,18,幾何学,He published a book on Euclidean geometry a few years ago.,彼は数年前にユークリッド幾何学に関する本を出版した。
1769,symmetry,noun,3,18,（左右）対称（⇔ asymmetry 非対称）；調和,"In snow crystals, there is always a six-fold symmetry.",雪の結晶には，常に６角形の対称が存在する。
1770,biography,noun,3,18,伝記,Hundreds of good biographies of presidents throughout history exist.,歴代の大統領に関する何百ものすぐれた伝記が存在する。
1771,masterpiece,noun,3,18,傑作,The museum houses several masterpieces of modern art.,その美術館は数点の現代美術の傑作を収蔵している。
1772,rhyme,noun,3,18,押韻詩；韻；（通例～s）詩歌,She chants a rhyme with her child every night.,毎晩彼女は子供と一緒に押韻詩を詠唱する。
1773,premium,noun,3,18,保険料；プレミア；景品,I paid the annual premium for my car insurance.,私は自動車保険の年間保険料を支払った。
1774,breakdown,noun,3,18,崩壊；（神経）衰弱；故障；内訳,A breakdown of morals will increase crime rates.,道徳の崩壊は犯罪率を高める。
1775,courtesy,noun,3,18,礼儀正しさ；好意；優遇,She has the courtesy of greeting everyone with a smile.,彼女には笑顔でみんなに挨拶する礼儀正しさがある。
1776,protocol,noun,3,18,（条約）議定書；外交儀礼；プロトコル,The Kyoto Protocol was aimed at reducing the greenhouse gases.,京都議定書は温室効果ガスの削減を目的としていた。
1777,specimen,noun,3,18,標本；実例,These insect specimens can be used for display.,これらの虫の標本は展示用に使うことができる。
1778,thesis,noun,3,18,論文；命題，テーゼ,She is still working on her doctoral thesis.,彼女はまだ博士論文に取り組んでいる。
1779,eligible,adjective,3,18,適格の，資格のある；（結婚相手として）望ましい,You are eligible for salary increase based on your performance.,あなたはあなたの業績に基づき昇給に適格である。
1780,intrinsic,adjective,3,18,固有の，本質的な（⇔ extrinsic 非本質的な）,The teacher emphasizes the intrinsic value of education.,その先生は教育の本質的な価値を強調する。
1781,diligent,adjective,3,18,勤勉な；入念な,She is a diligent student with many goals in life.,彼女は人生におけるたくさんの目標を持った勤勉な学生である。
1782,vocational,adjective,3,18,職業の，職業訓練の（ための）,"Unlike the U.S., Germany never abandoned vocational education.",アメリカとは異なり，ドイツは職業教育を決して放棄しなかった。
1783,bankrupt,adjective,3,18,破産宣告を受けた；破綻している,Many companies went bankrupt during the recession.,その不況の間に多くの会社が倒産に至った。
1784,stern,adjective,3,18,厳しい；いかめしい,The police are planning to take sterner measures to combat crime.,警察は犯罪と闘うためにより厳しい措置をとる予定である。
1785,stubborn,adjective,3,18,頑固な，強情な（≒ obstinate）；手に負えない,Frank was too stubborn to accept that he made some mistakes.,フランクはあまりにも頑固なので自分が間違いを犯したことを認めることができなかった。
1786,maternal,adjective,3,18,母の，母親らしい（⇔ paternal 父の）；妊婦の,"Jane has a strong maternal instinct, so she wants a baby.",ジェーンには強い母性本能があり，それで赤ん坊を欲しがっている。
1787,fertile,adjective,3,18,肥沃な（⇔ barren 不毛の）；多産の,The land is fertile enough to grow various crops on.,この土地は種々の作物を育てるのに十分肥沃である。
1788,ripe,adjective,3,18,熟した；成熟した,You had better eat ripe fruit before it goes bad.,熟した果物は腐る前に食べたほうがいい。
1789,stiff,adjective,3,18,硬直した，凝った；堅い,My shoulder is stiff because I used a computer for a long time.,私は長時間コンピューターを使ったので肩が凝っている。
1790,obsolete,adjective,3,18,廃れた，使われなくなった；古くなった,Typewriters have become obsolete due to computers.,タイプライターはコンピューターのせいで廃れてしまった。
1791,vacant,adjective,3,18,空いている,I stood on the train because there were no vacant seats.,空いた席がなかったので私は列車内で立っていた。
1792,acoustic,adjective,3,18,音響の；聴覚の；（楽器が）アコースティックの,He is studying acoustic phonetics at a London university.,彼はロンドンの大学で音響音声学を学んでいる。
1793,preliminary,adjective,3,18,予備の，準備の,He has enough information for starting preliminary investigations.,彼は予備の調査を始めるのに十分な情報を持っている。
1794,approximate,adjective,3,18,おおよその,The kids guessed the approximate weight of the item on the table.,子供たちは机の上にある物のおおよその重さを推測した。
1795,implicit,adjective,3,18,暗黙の（⇔ explicit ⇒ 1598）；内在する,Her words contained an implicit understanding of our decision.,彼女の言葉は私たちの決定に対する暗黙の理解を含んでいた。
1796,punctual,adjective,3,18,時間を守る,John is always punctual for appointments.,ジョンはいつも約束の時間を守る。
1797,compatible,adjective,3,18,矛盾しない；互換性のある；気が合う,The candidate's idea is compatible with our company's policy.,その入社志望者の考えは我が社の方針に矛盾しない。
1798,ample,adjective,3,18,十分すぎるほどの；広い,There is ample room for the expansion of this student center.,この学生センターを拡張するのに十分すぎるほどのスペースがある。
1799,pervasive,adjective,3,18,隅々に広がった；浸透する；充満する,Gender discrimination has been pervasive in many societies.,性差別は多くの社会において隅々まで広がっている。
1800,ubiquitous,adjective,3,18,至る所にある,Convenience stores are ubiquitous in Japan.,日本ではコンビニエンスストアは至る所にある。
1801,deduce,verb,3,19,を推測する，演繹する,He deduced their relationship from their conversation.,彼は彼らの会話からその関係性を推測した。
1802,simulate,verb,3,19,を模擬実験する；を装う；をまねる,They simulated an economic crisis that would arise in Japan.,彼らは日本で起こるであろう経済危機をシミュレーションした。
1803,merge,verb,3,19,（を）合併する；を融合させる；溶け込む,The three banks merged into a single organization.,その３つの銀行は合併し単一の組織になった。
1804,penetrate,verb,3,19,（に）浸透する；（に）進出する；（を）貫く；（を）見抜く,Much of the rain penetrated deep into the ground.,雨の多くは地中深くに浸透した。
1805,cater,verb,3,19,（の）料理をまかなう；（要望などに）応える,A famous restaurant will be catering their wedding.,有名レストランが彼らの結婚式の料理をまかなうことになっている。
1806,assault,verb,3,19,に暴行する；を攻撃する,The gang assaulted him with clubs.,ギャングはこん棒で彼に暴行した。
1807,torture,verb,3,19,を拷問にかける；を苦しめる,These devices were used to torture enemy spies.,これらの装置は敵のスパイを拷問するのに使われた。
1808,bleed,verb,3,19,出血する,He was bleeding from a large cut on his shoulder.,彼は肩の大きな切り傷から出血していた。
1809,erect,verb,3,19,を建てる；を直立させる,They have erected high concrete walls along the border.,彼らは境界線に沿って高いコンクリートの壁を建てた。
1810,cherish,verb,3,19,を大切にする；を心に抱く,He still cherishes his memories in London.,彼は今でもロンドンでの思い出を大切にしている。
1811,arouse,verb,3,19,（感情など）を引き起こす；を目覚めさせる,Her speech about global warming aroused strong emotions among people.,地球温暖化に関する彼女の演説は人々の間に強い感情を引き起こした。
1812,doom,verb,3,19,（通例受身形で）運命にある,All living creatures are doomed to die in the end.,すべての生き物は最後には死ぬ運命にある。
1813,mourn,verb,3,19,（を）悼む（≒ grieve）；（を）嘆く,She still mourns her son's untimely death.,彼女はいまだに自分の息子の早すぎる死を悼んでいる。
1814,dread,verb,3,19,をひどく恐れる,I used to dread going to the dentist as a child.,私は子供のころ歯医者に行くのをひどく恐れていた。
1815,nourish,verb,3,19,に栄養を与える；をはぐくむ,Children should be nourished well.,子供たちは十分に栄養を与えられるべきである。
1816,inject,verb,3,19,（人）に注射する，を注入する；を導入する,The children were injected with the influenza vaccine.,その子供たちはインフルエンザワクチンを注射された。
1817,swear,verb,3,19,（～を）ののしる（at）；（を）誓う（≒ vow）,The man swore at the TV when the player missed a shot.,その男性は選手がミスショットをしたときテレビに向かってののしった。
1818,bid,verb,3,19,（～に）の値をつける（for / on）；（挨拶）を述べる,"He bid $1,000 for the painting at the auction.","彼は競売でその絵に1,000ドルの値をつけた。"
1819,corrupt,verb,3,19,を堕落させる；を買収する；堕落する,Illegal money may corrupt politicians.,違法な金は政治家を堕落させることもある。
1820,preoccupy,verb,3,19,の心を奪う，を夢中にさせる,She is preoccupied with taking care of her father.,彼女は父親の介護に心を奪われている。
1821,browse,verb,3,19,（を）拾い読みする；（を）閲覧する；（商品など）を見て歩く,I often browse through scientific journals when I have time.,私は時間があるとき，よく科学誌を拾い読みする。
1822,compile,verb,3,19,を編集する；（資料など）をまとめる,The two singers have compiled this album from live recordings.,その２人の歌手はライブ録音からこのアルバムを編集した。
1823,allocate,verb,3,19,を割り当てる，分配する,Ten percent of the budget is allocated to national defense.,予算の10パーセントが国防に割り当てられている。
1824,offset,verb,3,19,を相殺する，埋め合わせる；をオフセット印刷にする,Higher prices will offset the increased cost of materials.,価格の上昇は材料費の増加を相殺することになる。
1825,restrain,verb,3,19,を制止する；を規制する,"When spectators are excited, they often cannot restrain themselves.",観客は興奮しているとき，たいてい自制することができない。
1826,comply,verb,3,19,従う，応じる,Most of the universities complied with government regulations.,ほとんどの大学が政府の規則に従った。
1827,expire,verb,3,19,期限が切れる,She found that her passport was about to expire.,彼女は自分のパスポートの期限が切れかかっていることに気づいた。
1828,embark,verb,3,19,（～に）乗り出す（on）；乗船（搭乗）する,They have embarked on a mission for space exploration.,彼らは宇宙探査の任務に乗り出した。
1829,flap,verb,3,19,パタパタ動く；羽ばたく（≒ flutter）；をパタパタ動かす,The banner for minorities' rights was flapping in the wind.,少数民族の権利を求める横断幕が風の中ではためいていた。
1830,furnish,verb,3,19,に（～を）備えつける（with）,British people tend to furnish their rooms with large mirrors.,イギリス人は自分の部屋に大きな鏡を備えつける傾向がある。
1831,forge,verb,3,19,を偽造する；（関係など）を築く；を鍛造する,It is illegal to forge a passport.,パスポートを偽造するのは違法である。
1832,thrust,verb,3,19,を押しつける；を突き刺す；押し進む,He thrust the documents into his bag.,彼はかばんの中に書類を押し込んだ。
1833,dispatch,verb,3,19,を派遣する；を発送する；を処理する,The police dispatched police cars to the crime scene.,警察は犯行現場にパトカーを派遣した。
1834,resent,verb,3,19,に憤慨する,She suspects that her friend resents her remarks.,彼女は友人が自分の発言に憤慨しているのではないかと思っている。
1835,reconcile,verb,3,19,を（～と）一致させる（with）；を和解させる,My father told me to reconcile my statements with my conduct.,父は私に自分の発言を行動と一致させるように言った。
1836,allege,verb,3,19,を主張する,The lawsuit alleged that the company concealed important information.,訴訟はその会社が重要情報を隠していたと主張した。
1837,oppress,verb,3,19,を抑圧（迫害）する；を悩ませる,The military entered the area and oppressed the local people.,軍はその地域に入り，現地の住民を迫害した。
1838,expel,verb,3,19,を追放する；を吐き出す,He was expelled from the country for illegal entry.,彼は不法入国のためにその国から追放された。
1839,ascend,verb,3,19,（を）上がる（⇔ descend ⇒ 1337）,She lost her breath after she ascended the stairs.,彼女は階段を上った後，息切れがした。
1840,commence,verb,3,19,始まる；を開始する；…し始める（to do / doing）,The ceremony commenced at two in the afternoon.,その式典は午後２時に始まった。
1841,advent,noun,3,19,（the ～）出現，到来,"With the advent of digital cameras, the use of film has been declining.",デジタルカメラの出現とともに，フィルムの使用は減少してきている。
1842,reign,noun,3,19,治世；統治,The Romans conquered the Celts during the reign of Julius Caesar.,古代ローマ人はユリウス・カエサルの治世にケルト族を征服した。
1843,diplomacy,noun,3,19,外交（的手腕）,We must commit to making diplomacy with other countries.,我々は他国との外交を構築することに献身しなければならない。
1844,embassy,noun,3,19,大使館；大使一行,"If you are in danger abroad, contact your country's embassy.",外国で危険な状況に陥ったら，自国の大使館に連絡を取りなさい。
1845,exile,noun,3,19,亡命（者）；（国外）追放,He went into exile to another country due to political suppression.,彼は政治的弾圧のためにほかの国に亡命した。
1846,refuge,noun,3,19,避難（所）；保護,"Caught in the rain, the man took refuge under the bridge.",雨に見舞われて，その男性は橋の下に避難した。
1847,plight,noun,3,19,窮状（＝ predicament）；（悪い）状態,The NGO appealed to the government about the plight of homeless people.,そのNGO（非政府組織）は政府に路上生活者の窮状について訴えた。
1848,solitude,noun,3,19,ひとりでいること；孤独,She has lived in solitude for a long time.,彼女は長い間ずっとひとりで暮らしている。
1849,fallacy,noun,3,19,誤った考え，誤信；錯誤,There are many popular fallacies about dieting.,ダイエットについての多くのありがちな誤った考えがある。
1850,latitude,noun,3,19,緯度；（行動・思想などの）許容範囲,Kuala Lumpur is situated at a latitude of about three degrees north.,クアラルンプールは北緯約３度に位置する。
1851,eclipse,noun,3,19,（日食・月食などの）食；（名声などの）失墜,The man sat on the balcony to wait for the solar eclipse.,その男性はバルコニーに座り，日食を待った。
1852,basin,noun,3,19,流域；盆地，海盆；洗面器（台）,The storm caused a flood in the river basin.,暴風雨は河川流域に氾濫を引き起こした。
1853,erosion,noun,3,19,浸食；衰退,Deforestation will lead to soil erosion.,森林破壊は土壌の浸食につながる。
1854,archaeology,noun,3,19,考古学,Tutankhamen is the greatest discovery in Egyptian archaeology.,ツタンカーメンはエジプト考古学における最も偉大な発見である。
1855,errand,noun,3,19,（人の）使い，使い走り；用件,He had to run an errand for his mother.,彼は母親のためにお使いに行かなければならなかった。
1856,mercy,noun,3,19,慈悲；（通例a ～）幸運,She showed no mercy to her rival.,彼女は自分のライバルに慈悲を示さなかった。
1857,rhetoric,noun,3,19,修辞（法）；美辞麗句,I don't like the empty rhetoric he uses to impress others.,私は，人に感銘を与えるために彼が使う空虚な修辞が好きではない。
1858,verse,noun,3,19,韻文（⇔ prose 散文）；詩,Shakespeare's plays are written mostly in verse.,シェークスピアの戯曲は大部分が韻文で書かれている。
1859,congestion,noun,3,19,混雑,We missed the event due to traffic congestion.,私たちは交通渋滞のせいで，その催しに行きそびれた。
1860,sewage,noun,3,19,下水,"In the past, sewage poured directly into rivers.",昔は，下水は川に直接流れ込んでいた。
1861,complement,noun,3,19,（～の）補完物，補足（to）；（文法の）補語,The newly married couple are complements to each other.,その新婚の夫婦はお互いを補完する存在である。
1862,subsidy,noun,3,19,補助金；報奨金,The government granted the company a subsidy for their new business.,政府はその会社に新事業のための補助金を与えた。
1863,mortgage,noun,3,19,住宅ローン；抵当（権）,The family applied for a mortgage to buy a house.,その家族は家を買うために住宅ローンを申請した。
1864,attorney,noun,3,19,（米） 弁護士；代理人,The court appointed an attorney to represent the defendant.,裁判所は被告の代理人を務める弁護士を任命した。
1865,outfit,noun,3,19,衣装一式；装備（道具）一式；組織,She bought a new outfit for attending a wedding reception.,彼女は結婚披露宴に出席するための新しい衣装一式を買った。
1866,bulk,noun,3,19,（the ～）（～の）大半（of）；大きさ；大量,The bulk of residents in this area are Chinese.,この地域の住人の大半は中国人である。
1867,reunion,noun,3,19,再会（の集い）；再結合,Our college reunion will be held next month.,私たちの大学の同窓会が来月行われる。
1868,synthesis,noun,3,19,合成；総合（⇔ analysis ⇒ 363）,Plastic is made by the synthesis of various chemicals.,プラスチックは種々の化学物質の合成により作られる。
1869,mold,noun,3,19,鋳型；鋳物；性格；かび,"Pour the clay into a mold, and you will get a figure.",粘土を鋳型に流し込めば，像ができ上がる。
1870,thirst,noun,3,19,（のどの）渇き；（～に対する）渇望（for）,I was about to die of hunger and thirst on that day.,私はその日，空腹とのどの渇きで死にそうだった。
1871,greed,noun,3,19,強欲,He has caused trouble by his greed for money.,彼は自分の金銭欲によってもめ事を起こしてきた。
1872,bribe,noun,3,19,賄賂,It was found out that the politician received a bribe.,その政治家が賄賂を受け取ったことが発覚した。
1873,contempt,noun,3,19,軽蔑；恥辱,He has great contempt for bullies.,彼は弱い者いじめをする人を非常に軽蔑している。
1874,texture,noun,3,19,感触，手触り；本質；質感,The texture of silk feels smooth.,絹の感触は滑らかな感じである。
1875,orphan,noun,3,19,孤児,The couple adopted an orphan into their family.,その夫婦は孤児を養子として家族に迎えた。
1876,harassment,noun,3,19,嫌がらせ，ハラスメント,The report calls for measures to stop power harassment.,その報告書はパワーハラスメントを阻止する対策を求めている。
1877,hay,noun,3,19,干し草,Cattle and sheep are fed on hay grown on this farm.,牛や羊はこの農場で育てられた干し草を与えられている。
1878,doctrine,noun,3,19,教義；（政）（政策上の）主義,She found truth in the doctrines of the religion.,彼女はその宗教の教義に真理を見いだした。
1879,holistic,adjective,3,19,全体論の；（医療が）ホリスティックの,I am learning the holistic approach in my philosophy course.,私は哲学の授業で全体論的方法を学んでいる。
1880,liable,adjective,3,19,しがちな；（～を）受けやすい（to）；責任がある,People are liable to make mistakes when they are in a hurry.,人は急いでいるときミスをしがちである。
1881,earnest,adjective,3,19,まじめな，熱心な,Her earnest efforts resulted in a major medical discovery.,彼女のまじめな努力は重要な医学的発見という結果を生んだ。
1882,intelligible,adjective,3,19,（簡単に）理解できる,This manual is written in intelligible terms.,この取扱説明書はわかりやすい言葉で書かれている。
1883,abrupt,adjective,3,19,突然の（≒ sudden）,Mary was surprised by her son's abrupt change in attitude.,メアリーは息子の態度の突然の変化に驚いた。
1884,reckless,adjective,3,19,無謀な；（～を）顧みない（of）,He had his driver's license suspended for reckless driving.,彼は無謀な運転のかどで免許停止になった。
1885,furious,adjective,3,19,激怒した；猛烈な,She was furious at his rude behavior.,彼女は彼の無礼な態度に激怒した。
1886,eloquent,adjective,3,19,雄弁な；説得力のある,A really eloquent speaker keeps the audience interested.,本当に雄弁な話し手は聴衆の興味をひき続ける。
1887,juvenile,adjective,3,19,青少年の,The rise in juvenile crimes has become a problem in this area.,青少年犯罪の増加はこの地域で問題になってきている。
1888,notorious,adjective,3,19,悪名高い（≒ infamous）,He is notorious for putting his work off.,彼は仕事を先延ばしにすることで悪名高い。
1889,timid,adjective,3,19,臆病な；内気な,The little boy seems very timid without his mother.,その小さな男の子は母親がいないととても臆病に見える。
1890,humid,adjective,3,19,湿気のある（≒ muggy 蒸し暑い）,It is hot and humid in Tokyo in summer.,東京の夏は暑くて湿気が多い。
1891,contagious,adjective,3,19,感染（性）の；病気を伝染する,Contagious diseases are likely to spread in crowded places.,感染症は混雑した場所で広がる可能性が高い。
1892,cynical,adjective,3,19,冷笑的な，皮肉な,I do not like his cynical view of society.,私は彼の冷笑的な社会観が好きではない。
1893,dumb,adjective,3,19,ばかげた；口のきけない；無言の,He calmly endured the interviewer's dumb questions.,彼はインタビュアーのばかげた質問に穏やかに耐えた。
1894,monotonous,adjective,3,19,単調な,I want to be away from my monotonous daily life.,私は単調な日常生活から離れていたい。
1895,perpetual,adjective,3,19,永続的な；ひっきりなしの,The scientist is hoping to discover a perpetual source of energy.,その科学者は永続的なエネルギー源を発見したいと願っている。
1896,dizzy,adjective,3,19,目まいがする；当惑した,"He felt dizzy with the heat, so he rested under the tree.",彼は暑さで目まいがしたので木陰で休んだ。
1897,weary,adjective,3,19,疲れ果てた；（～に）うんざりした（of）,"The man sighed, rubbing his weary eyes with his hand.",その男性は，疲れた目を手でこすりながらため息をついた。
1898,numb,adjective,3,19,麻痺した，無感覚な；ぼう然とした,"While walking in the snow, his toes became numb with the cold.",雪の中を歩いている間に，彼のつま先は寒さで麻痺した。
1899,mortal,adjective,3,19,致命的な（≒ fatal）；死すべき（運命の）（⇔ immortal 不死の）,"Being in mortal danger, he was rushed to the hospital.",致命的な危険にさらされたので，彼は病院に緊急搬送された。
1900,zealous,adjective,3,19,熱心な；熱狂的な,Her zealous commitment to her studies will lead her toward success.,自分の研究に対する彼女の熱心な献身は彼女を成功に導くだろう。
